제목,내용요약
혹시 빨래방에 스타일러있는곳도 있을까요?,당일세탁은 안된다고 해요 당연히ㅜㅜ 세탁소 대신 스타일러라도 쓰면 좋겠다 싶은데요 여기저기 빨래방 검색해봤는데 스타일러 있는지는 못 찾겠어서 문의드려요 혹시 스타일러 있는 빨래방 있을까요?
혹시 빨래방에 스타일러 있는곳 없나요?,오산에 스타일러있는 빨래방 없나요? 궁금해서 테스트해보고 싶네요~~ 타지역은 빨래방에 있다는데 혹시 아시는곳 없으세요?^^
트롬스타일러~( 의류관리기 ),안녕하세요~ 빨래방에 트롬스타일러(의류관리기)에 코인기를 달고 영업하시는분 계시나요? 코인기를 달고 사용할수있다면 좋을거같아서요. 사용시간이나 사용방법도 알고싶습니다. 요즘 오픈하시는...
빨래방에 스타일러 있다면 사용하실껀가요?,"빨래방 평소에 이용하시는 분들, 거기에 스타일러가 있다면 사용하실 의향 있으실까요? 아님 스타일러 이용하러 빨래방 오실분들 계실까요? 이용료 3000-3500원 정도 받구요 소중한 의견 부탁드립니다^^"
빨래방에 스타일러 설치할까요? 아님 집에 설치할까요?;;;,스타일러 사고파요ㅋㅋ 겨울 되면 코트류 니트류 점퍼 등등 세탁하기 힘든거 잔뜩 나올텐데 한대... 근데 스타일러는 갖고파요;;;;ㅎㅎㅎ 가게에 설치해도 저만 쓰게 될까요?ㅎㅎㅎ 그러느니 집에 설치하고...
?눈이와서 오늘 배달은 1시이후에 출발할께요~????주문은11시까지...,"셀프빨래방에는 스타일러도 있어 모피, 무스탕, 패딩, 정장을 세탁소 가지 않아도 새옷처럼 보송보송하게~~~??????스타일러 할 수 있답니다 위치 티맵에 데일리라..."
송우리나 신읍동 셀프빨래방에서,서울 친척집 갔다가 셀프빨래방 갔더니 서울엔 셀프빨래방에 스타일러도 있더라구요 혹시 송우리나 신읍동 셀프빨래방 가보셨던 분중에 보신분 있으신가요~
셀프 빨래방 편하네요~,있길래 빨래방에 함 가봤네요~ 오픈한지 얼마 안 된 곳이라 깔끔하고 세탁기랑 건조기 상태도 좋네요... 있고 스타일러도 있더라구요~ 스타일러 함 써 보고 싶었는데...
"롱패딩 탈취 건조기돌리고싶은데, 집에건조기가없어요. 빨래방가...",샘숑 건조기 광고에서 본것같아서요 ㅎㅎ 스타일러 도 갖고싶기도하고요.. ㅜㅜ 어쨌든 지금당장 해결할 방법이없을까 싶어서 빨래방엔 그런 것 가능할까요? 건조기에 탈취기능할때도 그런.. 티슈 유연제(?)...
(청라총연) 워시엔조이 셀프빨래방이 청라총연을 후원합니다,"컨 셉 - 라운지형 셀프빨래방(북유럽 휴양지풍의 가족 휴식처를 즐기는 커뮤 니티 공간)장 비 - 세탁기6대,건조기7대,스타일러,운동화세탁기 -> 대한민국 최대규모.편의시설 - 화장실, 주차장, 휴대폰충전기..."
패딩의 계절~ 외식하고 삽겹살 냄새 음식냄새ㅡㅠㅡ 스타일러 하...,그래서 출근하자마자 데일리라이프 빨래방에 있는 스타일러 속으로 패딩을 쏙~~~넣고 스타일러 하고 있어요 1시간 뒤면 뽀송뽀송 향기로운 패딩이 나오겠죠? 커피한잔하...
트롬스타일러 있는 빨래방,"훼손하거나 비방하는 글은 민,형사상 처벌받을 수 있습니다. * 매니저 해인아빠 혹시 안양, 군포나 아니면 주변에 다른 곳이라도 트롬 스타일러가 설치되어있는 빨래방이 있는곳을 아시는분 계신가요? ㅠㅠ"
주차장 넓은 쌍령동 데일리라이프 셀프빨래방365일24시간 운영중...,흡입하고 왔지요 ㅎㅎㅎ 명절후 밀린 빨래하러 데일리라이프 빨래방으로 오세요~ 쌍령동409-16번지 예요 주차장 넓으니 주차걱정 마시고 오세요 운동화 전용 세탁기와...
오랜만에 빨래방에서 빨래하며 커피타임~?,"아이랑 같이 와도 편안한 카페~ 셀프빨래방에서 이불도 운동화도 빨고 모피와 무스탕, 패딩도 세탁소에 비싸게 맡기지마시고 데일리라이프의 스타일러 하러오세요~????..."
주차장 넓~은 카페 데일리라이프?셀프빨래방에서 운동화도 빨고?...,"안녕하세요?^^ 주차장 넓은 카페 데일리라이프 에는 빨래방도 함께있답니다 빨래하시며... 비용은4000원입니다 스타일러도 있으니 자주빨수 없는 무스탕, 패딩, 정..."
오늘도 9시부터 밤10시까지 영업합니다?주차장 넓어 주차걱정없는...,셀프빨래방 운동화전용 세탁기 와 건조기 이불세탁기 와 건조기 의류전용 세탁기 와 건조기 스타일러 무료보드게임 과 색칠하기 문의 ***-****-**** 위치 티맵...
주차걱정없는 쌍령동 빨래방! 운동화 전용 세탁기&건조기도 있어...,오세요 세탁기 이용요금 이예요 헹굼횟수도 다른곳보다 1회씩 더 많이 설정해놓은 착한 빨래방~~^^ 스타일러도 있답니다 문의 :***-****-**** 위치 티맵에...
빨래방 내 스타일러,"혹시 매장에 스타일러 운영하고 계신분 어떠신가요? 운동화 세탁기보다 가격 대비 효율 및 만족도가 높다고 하던데, 괜찮은건지. 개인적으로 스타일러 사용해본적이 없어서 고민입니다~"
새로생긴 빨래방 다녀왔어요~,"동남중고등 학교앞에 새로생긴 빨래방 왔어요 극세사 이불빨래하러 왔는데 대형 세탁기라그런지... 서비스로 뽑아주시고~~잘마셨어요 앞으로 자주이용할께요 신발세탁기 ,..."
●비왔으니깐 게릴라 이벤트●오늘하루 4시~밤10시까지 ●카페데...,"셀프빨래방 세탁기(운동화세탁기, 이불세탁기 표준코스, 의류세탁기 중 택1) 또는 스타일러 무료 이용 혜택을 드려요 자세한 이용 방법은 카페에 있을 저에게 문의해주..."
청라5단지 워시엔조이 빨래방,이번에 새로생긴 5단지 빨래방 워시엔죠이 좋아요 스타일러도 있고 매장 넓고 안마의자 공기청정기 커피와 차 운동화 세탁도 되고 이번에 이불과 카페트 빨래하고 가족들과 티비보며 차마시고 화장실도...
건조기 추천 부탁해요,빨래방 몇번 다니던 신랑이 건조기 얼마정도 하는지 물어보내요. 사고싶다고할때 건성이더니 몸소 겪고보니 좋은가봐요. 근데 전 요즘 스타일러에 꽂혔는데 말이죠ㅎㅎ
건조기 렌탈이요 ㅜㅜ,"삭제처리됩니다 빨래방에서 가끔이불빨래하구 건조기까지 돌리고오면그렇게 편하고 뽀송할수가,,ㅋㅋ 건조기 가격 알아봤더니 용량큰건 100이 넘어가더라구요 ㅜㅜ정수기나 스타일러처럼..."
빨래방 갔다왔어요ㅎ,나온김에 빨래방 갔다왔어요ㅎ 오픈이벤트로 50%하고 있길래 더워서 미루던 빨래도 돌리고왔어요~ 드라마재방도 보고ㅋ 새기계 돌리는 느낌이 좋네요ㅋ 근데 여긴 스타일...
브*근처에 빨래방 생겼네요~,무엇보다 스타일러도 있어요 운동화 물려받은것도 있어서모아놨는데 어여 들고와서 빨아야겠어요!!! 빨래방인데 카페같아 분위기 좋아보이네요 밖에 테라스도 있고 무엇보다...
스타일러 설치 어떤가요?,저희집에선 제가 스타일러를 잘 사용하고 있어서요 세탁소에서는 당일 드라이크리닝은 안되니까 급하게 당일이나 다음날 입으셔야 하는 분들 위해 빨래방에도 한대 정도 설치하려 하는데 손님들 사용 많이...
셀프빨래방 쵝오~~^^,이불빨래하려고 맘 먹고 들고 나와 셀프빨래방을 찾다가 들어온 곳인데 너무 좋네요~~가격은 살짜기... 않았어요^^ 와우~~운동화세탁기도 있고 스타일러도 있네요~~...
빨래방 오픈,황성 휴포레앞 빨래방 오픈 했네요 빨래방을 첨 이용 해봤어요 ㅎ 스타일러도 있고 운동화세탁도 가능하네요
미니멀 여행이라 쓰고 육아탈출이라고 읽기? That is Okay!,스타일러를 대신 하는 손끝 세탁 분무기로 물을 뿌리고 마른 수건으로 닦아내고 탈탈 털어서... 10년전 라오스 여행에서 외국인 여행자들이 빨래방에서 빨래 찾는 걸 보고 부럽기도 하고 비난하기도 하는...
미세먼지 때문에 환기가 어려울땐 데일리라이프빨래방에서 빨래도...,경기광주카페 데일리라이프에는 넓은 주차장과~~^^ ☆스타일러 ☆운동화 전용세탁기와 건조기 ☆27키로 초대형세탁기와 건조기 ☆저렴하게 사용가능한 의류전용 세탁기와 ...
"건조기 vs 스타일러, 뭘 살까요?",그동안 야금야금 저축해서 스타일러를 살 수 있게 되었어요! 그런데 며칠 전 빨래방 가서 건조기 써보고 신세계를 영접했어요... 보송보송하고 먼지가 거의 안 붙어있더라구요!! 놀라워라!! 그렇지만 겨울...
시어머님이 보내신 서프라이즈 선물(자랑주의),않고 너무 기쁜데 티는 내고싶고ㅎ 그래서 루클에다 글 적어보네요ㅎ 그나저나 저희 어머님은 왜 연락이 안되실까요ㅋ 빨래방으로 쓰고있는 끝방이라 스타일러에 비치는 어...
1월1일도 9시부터 영업한답니다??케이크 주문도 가능해요,"2019년 새해 첫날도 영업한답니다 빨래방에서 새해맞이 빨래도 하고 스타일러도 있으니 패딩, 코트, 니트 등 매일 빨기힘든 의류도 차한잔 하시며 스타일러~~하러 ..."
건조기 신세계에요^^,코인빨래방처럼 빨래하고 건조하고 기다림서 안마의자서 마사지받고 겨울되면 외투도 스타일러넣어서 다털고가겠다면서ㅋㅋㅋ 세상 참 좋아졌는데 옛날엔없이도 잘거같은데 다 ...
셀프빨래방에서 밀린빨래도 할수있고 ♡건강한 재료로 만든 유기...,셀프빨래방에는 운동화전용 세탁기와 건조기 스타일러도 있답니다 누구나 무료로 이용가능한 보드게임들~^^ 가족을 위한 카페 경기광주카페 데일리라이프에서 즐거운 휴일보...
빨래방 됐어요 ㅎㅎ,설치하고나니 빨래방같아요 ㅎㅎ 뽀송한빨래를 맞이하는 기분은 좋습니다^^ 설치기사분말씀이... 스타일러.인덕션 . 다이슨무선등등 엄청사들였는데.... 돈이좋긴좋네요...
광안동소형아파트 분양,"(대형세탁기) 빨래방에 갈 필요가 없습니다. 19평형대는 거실쪽에 중문이 있는 형태로, 문을... 드레스룸 드레스룸 공간으로, 스타일러가 기본옵션으로 장착되어 있..."
2월18일 감사 확언 일기,"빨래방 처음 이용해 보는데, 정말 빠른 시간 내에 빨래와 건조가 가능해서 좋습니다. 빨래하는 동안 식사도 하고 시간을 잘 활용할 수 있어서 감사합니다. 스타일러와 트윈워시가 이사일에 맞춰 배송 된다고..."
추운 오늘은 아이들과 무료보드게임도하며 빨래도하고 맛있는 빵...,"셀프빨래방( 이불세탁기는 물론, 운동화전용세탁기와 건조기, 스타일러)도 있답니다 추운 오늘은 아이들과 무료보드게임도하며 빨래도하고 맛있는 빵과 커피드시러 오세요~..."
세탁방 양도합니다,"건조기3대 스타일러1대 운동화세탁기1대 운동화건조기1대 커피자판기1대 고급안마기1대... 주변 빨래방 경쟁이 적고 오래된 빨래방이 근처에 있어 입지적으로 굉장히 유리하며 새벽문의, 장난전화..."
셀프빨래방 다녀왔어요^^,대형세탁기에 대형건조기ㅋ 신발전용 세탁기와 건조기 스타일러까지 완벽해요~~ 세탁기+건조기까지 한시간정도걸려요~~ 세탁세제&유연제는 알아서 나오구요 건조기유...
초대형 드럼세탁기,"상태A급 스팀스타일러 기능,건조기능 있음. 빨래방 안가셔도 되는 수준. 1층이라 사다리 필요 없지만, 전면 폭 74cm라서 세탁실입구가 최소 76이상은 되셔야합니..."
안녕하세요 새롭게 인사 드리는 LG 퓨리케어 정수기입니다,빨래방 가시는분 ! 이제는 집에서 편하게 건조하세용 아무곳이나설치가능 !배수통이달려있어서너무너무편해요 이제는 스타일러로 매일 새 옷 처럼 향기가 굿 교복입는 아이...
황성동에 코인빨래방 동전빨래방 생기네요~,2월 오픈예정인듯해요 체인점같아서 제가 찾아보니 일반 코인과는 다른것 같아요 포인트적립제랑 스타일러에 드라이클리닝. 운동화까지 가능하다는데 경주점도 전부다 설치가...
마포구청역 1분거리 핫한 오피스텔 상암 우남퍼스트빌스타 (풀옵...,"(세탁기 스타일러 전기쿡탑 천정형매립에어컨 디지털도어락 비디오폰) 건물내 무료 휘트니스... 대형빨래방, 커뮤니티공간이 있습니다. 사진으로 보다시피 모던한 느낌이 나도록 인테리어 공사를 하고..."
청라빨래방 워시엔조이 셀프빨래방 인천청라2동점 새단장 완료,워시엔조이 셀프빨래방 인천청라2동점에 새로운 셀프빨래방 문화를 구축했습니다.다양한 코스 선택과 편리한 매장운영을 접목하고 운동화세탁과 스타일러를 통한 새로운토탈 셀프세탁 시스템을...
두꺼운 이불빨래~,"스타일러에 공기청정기, 대형안마기까지....이런 빨래방은 또 처음이라 첨 버벅거렸습니다.. 빨래 돌아가는 동안 구석구석 살펴보니 이것저것 많더라구요...운동화도 ..."
"세탁기 선택, 고민 되시나요?",(tip)소형 세탁기 쓰는 경우 큰 빨래는 빨래방을 이용하는 방법도 있어요~ <두번째도 드럼세탁기... 이거 스타일러에 있는 그 기능 아닌가요? 구입한지 이...
"세종시 세탁기 동파되었을때.. 빨래 어떻게 해야할까요??,,",안녕하세요 세종시 도담동 빨래방 워시플래이스입니다. 요즘 날씨가 추워서 세탁기가... 트롬스타일러 매장전경 매장전경 및 편의시설 카페주소 : http://cafe...
빨래 건조기 전기세 얼마나 나갈까요?,스타일러와 고민하다.. 이번 한파 빨래대란에 휩쓸려 빨래방 건조기 신세계를 경험하고... 건조기 결제했습니다. 근데 또 ㅋㅋㅋ 전기세가 걱정이네요. 월 평균 전기세가 19천원~25천원 정도인데.. 어느 정도...
꿉꿉한날씨 세종시에서 이불빨래 너무 힘드시죠~ 안말러!!,세종시 셀프빨래방 최초 이불빨래 배달/수거를 실시합니다. 너무 힘든 이불빨래 이제 편하게 집에서 배달/수거 시켜보세요^^ 너무너무 편안하답니다 ㅎㅎ 아참 트롬스타...
오산 금호어울림 따끈따끈한 소식~,"단지내 대형 중앙광장으론입주민이 편리하게 누릴수 있는코인빨래방과 휘트니스, 브런치 라운지... 요즘 핫한 아이템으로 부상중인 ""스타일러""비데,세..."
인천 신흥동 해경스테이3차 오피스텔,"▶ 내부 풀옵션 시스템 적용ㅡ 빌트인 냉장고, 인덕션, 시스템에어컨, 스타일러(의류살균, 흡취), 드럼세탁기등과 한샘브랜드의 가구 설치. ▶ 단지 내 편의시설로 빨래방(무료), 카페테리아(무료), 무인..."
신혼집 입주 후기,"빨래방에서...ㅠㅠㅋㅋ 침대, 화장대, 소파, 티비장 냉장고, 와인냉장고, 에어컨, 공기청정기, 건조기 이렇게 전전날 받았고, 안방 책장, 책상, 거실 수납장, ..."
우중캠프 후 텐트를 건조기에,지작이 커버는 없고 ㅜ ㅜ 타프 밑에 칠건데 비맞으면 ... 혹시 건조기에 넣고 건조하면 안되요? 동네 빨래방 혹은 집에 있는 LG 스타일러 건조기능이요.... 즉 열로 건조 되는 기능에서 건조하면 안될까요?
"휴대용 옷걸이건조기,신발건조기 추천아이템","휴대용 옷걸이건조기,신발건조기 추천아이템 최근에 스타일러를 구입할까 하다가 금액대가 높고... 잦은 출장으로 인해서 매번 밤마다 빨래방을 거닐며 세탁하고 하는게 ..."
스마트시티 오산 주인경 실장님께 상담받고 왓어요~♥,"코인 빨래방등요즘 처럼 맞벌이 가구가 증가하는 현실을 반영해단지안에서 모든걸 누릴수... 안에 스타일러 또한 무상,,무슨 무상이 이렇게 많은지오히려 제가 &quo..."
서식지로 발견되는 서랍장 오늘 드디어 버렸습니다.,그냥 먼다 소독한다고 스타일러 옷돌리고 다시 걸어뒀는데... 아시죠 올해 엄청 습했던... 지금이야... 빨래는 신랑 보고 빨래방 가서 몇번을 왔다갔다 했는지... 마침 주문한 밀폐리빙박스에 몇개는 보관...
[이벤트]워시프렌즈 소소한 이벤트,안녕하세요 빨래방입니다~ 요즘 미세먼지때문인지 빨래방에 세탁과 살균건조 하시려고 오시는 손님이 부쩍 느셨어요. 스타일러도 열일중이구요. 맘블리 가족들께서도 위치나...
안녕하세요.워시프렌즈(셀프빨래방) 관악신림동점 인사드려요^^,따뜻한 온기 풍기는 맘블리서 정붙이는 와중에 님들의 빨래방 찾으시는 글보고 붙임성 없는 제가... 살까말까 망설여지시는 LG스타일러 있습니다. 한번가동시 코트2벌...
[수거3.마감]빨래방 수거배달 29일(월) 아침에 합니다.,"직접 빨래방 가셨을때 넣으실수 있다 생각하시는걸로요. 지난번 여러 옷중 애기 모빌이 있었는데... ㅠ 스타일러 2천원 운동화세탁 2켤레에 세탁,건조해서5천원입니다..."
★마포구청역 도보1분거리. 우남퍼스트빌. 전세 신축 첫입주. 트...,"트롬스타일러 문의 연락처 김진수 *** **** **** 매물 상세설명 매물 상세설명 1.구조 원룸 오피스텔 2.... *무인택배시스템, 대형빨래방이 있어 이불빨..."
장마철 옷보관 요령,"여름철엔 날잡아서, 빨래방 건조기로 돌려야 하는건지 ㅠ 그렇다고 그 비싼 '트롬 스타일러' 를 사야는 건지 ㅠ 자취방에서는 이런저런 한계가 있네요. 다음 여름을 대비해서 , 좀 뾰족한 수가 없을까요 ? 딱히..."
"신림동 빨래방 세탁,건조 평일40% 적립입니다.","세탁,건조.전단지가격서 40프로 적립(평소는 평일10프로적립)기회 놓치지 마세요~(운동화세탁, 스타일러는 적립제외) 후기 올려주시고 폰 번호 끝자리 적어주심 천원..."
수영구아파트분양 : 광안동 월드파크5차 19py 광안리프리미엄,"LG트롬 스타일러, 음이온신발살균기욕실 라디에이터, 코인빨래방, 무인택배함 제공 광안리 인접한 110세대 아파트입니다광안리 해수욕장을 끼고있어서게릴라급 편의시설까..."
광안동아파트매매 : 월드파크5차 잔여세대 특별분양 혜택 안내,"코인빨래방, 상가로구성되어있는데요~ 그래서인지최 저층인 3층은 상당히 높습니다 입구부터 엄청난... 옆의 스타일러까지무상옵션으로 제공되어지는 특별분양 잔여세대 매..."
수원시 중고가전 재활용센터 매탄동 중고세탁기 배송후기 중고맨,위치한 빨래방을 운영 하시는 고객님이 세탁기가 부족하여서 중고맨에서 구입해주셨습니다... 세탁기 에어컨 냉난방기 쇼케이스 스타일러 제빙기 냉동고 냉장고 건조기 T...
가전 가구 구매팁!!! 자세하게 적어보았어요!,"집근처 빨래방에서 빨래하고, 손빨래하고, 바닥에 이불깔고 자고 있는데 진짜 가전 가구가 얼마나... 에어컨, 스타일러, 냉장고, 청소기, 로봇청소기, 물걸레청소기 등 2. 예산 정하기 가전에 얼마, 가구에..."
家 후분양중인 자신감 넘치는 광안리 명품 주거공간 옵션폭탄!,"천청형에어컨, 스타일러, 음식물처리기, 빌트인 신발 이온 살균기, 천정형 빨래건조대, 비데, 무인빨래방, 무인택배함 문의 연락처 힐링부동산 강민채대리 ***-**..."
[마지막글]워시프렌즈입니다.,"저도 임대료가 일반 빨래방수준 150만~250만이었음 세제도 좋은 세제 못씀, 통세척도 자주못함, 스타일러도 4천원,5천원 책정했을거예요 (현재 코스따라 2천원,..."
모텔 인테리어 오군 가전제품렌탈이 강력추천 드리며 매출향상 U...,"빨래방, 커피숍, 마트, 찜질방 등 다양한 곳에 안마의자는 필수입니다. 요즘 모텔에도 안마의자가 많이... 옷걸이 대신 스타일러도 요즘 대세예요. 젊은 사람들에게 아주 인기가 많은 가전제품이죠..."
가양역 센트럴시티 특별혜택 (일군센트럴시티오피스텔),"B2 기계실, 전기실 B1(예정) 휘트니스센터, 코인빨래방, 세탁실, 공동창고 1F~2F(예정) 상가, 병원 3F~15F... 힘든 스타일러,피트니스 센터, 코인..."
연동 남해오네뜨 분양가,게다가 1층 커뮤니티시설에는주민쉼터 택배보관함주민 빨래방 시설 등이 있고옥상에는 옥상정원을... 연동 남해오네뜨는스타일러를 비롯하여시스템에어컨 냉장고 세탁기TV ...
신흥동 해경스테이 로얄층문의는?,"에어컨LG 스타일러 (일부세대)세탁기가 제공됩니다. 신흥동 해경스테이는무인택배함과 입주민과 임차인만 이용할 수 있는전용 빨래방, 카페테리아를 운영하여한층 더 여유..."
경향하우징 페어 다녀왔어요~,가전제품 일체형으로 꾸며진 매장을 돌다가 다른건 이미 많이 봐서 패쓰했으나 요즘 많이들 쓰시는 건조기랑 스타일러까지...한방방에 넣어서 정리한게 넘나 깔끔해 보여...
마포구청역오피스텔 상암DMC 최대수혜지역 상암우남퍼스트빌스타...,"LG스타일러 등 꼼꼼하게 신경썼다는 것이 장점입니다. 창 사이에 블라인드가 설치되어 냉 난방비... 또한 북 카페와 대형 빨래방, 휘트니스센터가 있어 입주민의 학..."
"동대문 청량리 동전빨래방, 워시프렌즈 이용해보셨나요 ?","서울 동대문구 제기로38길 10, 1층(청량리동 36-16 1층 ) 동대문 청량리점 워시프렌즈 동전빨래방에는대형세탁기 및 건조기 이외에운동화, 트롬 스타일러 등 ..."
포항 연일 워시프렌즈 코인빨래방 좋네요 !,"워시프렌즈 코인빨래방을 이용한 후에는내부에 있는 와포스라는 장비에서간단한 회원가입 후 포인트를 적립할 수 있어요평일에는 10%, 주말에는 5% 적립이 가능하답니다..."
포항 동전빨래방 포항연일 워시프렌즈 완전 솔직한 리뷰 :),또한 동전빨래방의 내부에는스타일러가 마련되어 있어서겉옷의 냄새나 습기를 말끔히 제거할 수 있답니다 스타일러 옆 쪽에 있는 장비는 와포스로이곳에서 간단한 회원가입 ...
워시프렌즈 셀프빨래방 안양평촌점,워시프렌즈 셀프빨래방 안양평촌점- 경기도 안양시 동안구 관양동 1591 평촌아크로타워 2층#평촌빨래방 #안양빨래방 #범계빨래방 #스타일러 #빨래방 대박나는 곳~ ...
명절 스트레스 속에서 빨래는 동대문 청량리 무인빨래방 워시프렌...,세탁에서 건조까지 대략 1시간 정도 소요되어당일건조가 가능하다는 점이 참 좋더군요 :) 정말 없는 것이 없는 !이곳 동대문 청량리점 워시프렌즈 무인빨래방에는트롬 ...
lg 트롬 스타일러 최저가 가격 확인하세요~,옷들빨래방에 맡기기 전이나 아이들 옷에 있는 세균 때문에 세탁기 돌리는 거잖아요? 물세랑 전기세 생각하니까 lg 트롬 스타일러가가격적인 부분에서 효율적이라 생각이...
질문입니다 발열조끼....냄새 때문에...,이거 빨아도 될까요 세탁기 아닌 손빨래로 가볍게... 아님 빨래방에서 스타일러로 좀 건조 시켜볼까요 여튼 냄새땜시 다른옷까지 냄새가 나버리니 ㅠㅠ 여간 골치거리아...
(광고)깨끗하고 편리한 셀프빨래방~ 워시엔조이 동탄반송점,"365일 24시 워시엔조이 동탄반송점에서 편하게 빨래하세요~^^ > 빨래방 포인트카드 사용시 상시 10... 좋은 스타일러(니트, 정장, 패브릭소품 등 표준..."
워시프렌즈 셀프빨래방 내곡회산점[수거.배송ok],강변로74-11 명주초 옆상가1층 (회산2주공정문 앞) 50m#우리동네NO1워시프렌즈 셀프빨래방 내곡회산점#깨끗한빨래방#초대형세탁기/건조기 #트롬스타일러 #운동화...
24시간 빨래방_이마트 에브리데이 뒤편,"4단지 맞은편에 크린토피아랑 다른브랜드 빨래방이 있지만 1단지에서는 이마트 에브리데이 뒤편이 더... 보이고, 스타일러도 보이고. 운동화는 세탁(운동화 옆선과 바..."
셀프빨래방 완전 신기방기~!!,셀프빨래방이란곳을 처음 와봤는데.. 우와!! 깔끔한 세탁소같은 느낌ㅋ.ㅋ 건조기 세탁기 엄청... 스타일러도 있어서 깜놀ㅎ 운동화 빨래와 건조까지ㅎㅎ 참고로 세탁...
안녕하세요~^^ 풍동 24시 빨래방 입니다.,24시 빨래방입니다~^^ 더운날 집에서 세탁해도 참을 수 없는 꿉꿉함이 많으시죠~?? 3대의세탁기 3대의건조기로 1시간 만에 뽀송한 세탁물을 가져가실 수 있어요^...
내곡동 새로 생긴 빨래방 홍보해보아요~^^,내곡동에 새로 생긴 빨래방 홍보합니당~^^ 외관상으로 봤을때도 엄청 깨끗하지요~~ 요긴 다른곳이랑 다르게 스타일러도 있다지요~ 가볍게 쓰시기에도 넘 좋을거같아요~...
포항 빨래방 워시프렌즈 포항연일점!!,오늘은 포항 연일점 워시프렌즈 빨래방 다녀왔어요! 빨래방 내부 진짜 깨끗하지 않나용 쌈빡한 느낌... 스팀스타일러는 음.. 저는 잘 몰라서 이용 안해봤는데 미세균...
24시간 빨래방_이마트 에브리데이 뒤편,"4단지 맞은편에 크린토피아랑 다른브랜드 빨래방이 있지만 1단지에서는 이마트 에브리데이 뒤편이 더... 보이고, 스타일러도 보이고. 운동화는 세탁(운동화 옆선과 바..."
셀프빨래방 완전 신기방기~!!,셀프빨래방이란곳을 처음 와봤는데.. 우와!! 깔끔한 세탁소같은 느낌ㅋ.ㅋ 건조기 세탁기 엄청... 스타일러도 있어서 깜놀ㅎ 운동화 빨래와 건조까지ㅎㅎ 참고로 세탁...
안녕하세요~^^ 풍동 24시 빨래방 입니다.,24시 빨래방입니다~^^ 더운날 집에서 세탁해도 참을 수 없는 꿉꿉함이 많으시죠~?? 3대의세탁기 3대의건조기로 1시간 만에 뽀송한 세탁물을 가져가실 수 있어요^...
"미세먼지, 집먼지 걱정ZERO!! 빠르고 편하게~ 워시엔조이동탄반송...","365일 24시 워시엔조이 동탄반송점에서 편하게 빨래하세요~^^ > 빨래방 포인트카드 사용시 상시 10... 좋은 스타일러(니트, 정장, 패브릭소품 등 표준..."
내곡동 새로 생긴 빨래방 홍보해보아요~^^,내곡동에 새로 생긴 빨래방 홍보합니당~^^ 외관상으로 봤을때도 엄청 깨끗하지요~~ 요긴 다른곳이랑 다르게 스타일러도 있다지요~ 가볍게 쓰시기에도 넘 좋을거같아요~...
포항 빨래방 워시프렌즈 포항연일점!!,오늘은 포항 연일점 워시프렌즈 빨래방 다녀왔어요! 빨래방 내부 진짜 깨끗하지 않나용 쌈빡한 느낌... 스팀스타일러는 음.. 저는 잘 몰라서 이용 안해봤는데 미세균...
이불빨래도 쉽게 해결!! 깨끗하고 편리한 워시엔조이 동탄반송점,"365일 24시 워시엔조이 동탄반송점에서 편하게 빨래하세요~^^ > 빨래방 포인트카드 사용시 상시 10... 좋은 스타일러(니트, 정장, 패브릭소품 등 표준..."
이불빨래도 한번에 해결!!편하고 깨끗한 워시엔조이 동탄반송점,"365일 24시 워시엔조이 동탄반송점에서 편하게 빨래하세요~^^ > 빨래방 포인트카드 사용시 상시 10... 좋은 스타일러(니트, 정장, 패브릭소품 등 표준..."
셀프빨래방 카페가 있네요!,"25kg 건조기, 27kg세탁기 있어서 이불 빨래하고 가시는 분도 계셨고 탐나는 스타일러도 있네요 셀프빨래방은 24시 사용가능이래요~ 카페에 아기의자도 많고요. ..."
"(유부들의 놀이터) 구스 이불, 베개솜 어떻게 빨래하시나요!",지난 건조기 스타일러 추천 글에 이어서 ㅋㅋㅋㅋㅋㅋㅋㅋ 구스이불 빠는 법 알려드려용!! 이 또한... 전에 친정에서 빨래방가서 베개 건조기 돌리다가 건조기안에서 터진적이 있어서 무조건 세탁망 써요...
동대문구 청량리동 셀프빨래방,"셀프빨래방 동대문 청량리점 ! 프리미엄 세탁장비 브랜드 다뉴브와 함께하는 이곳은 - 운동화, 트롬스타일러 등추가장비도 많으니, 편안한 공간에서 행복하게 세탁하시길..."
오산 금호어울림 로얄층 알아볼까요?!,"요즘 아주 핫한 아이템 스타일러 부터~ 세탁기,건조기,하이라이트,비데,오븐등... 코인빨래방,단지내스파,조식 서비스를 누리는 브런치라운지등 특화된 커뮤니티를..."
셀프빨래방 내곡회산점 [수거배송ok],오늘 세탁~ 건조하시는 분에 한해서 스타일러 사용의 기회를 드립니다(급속기준) ■수거배송서비스OK ■문의전화 010 5792 6666 *** **** **** ■...
세종시 도담동 셀프빨래방 에서 끝!!,셀프빨래방 끝!! 트롬스타일러 세탁하기 힘든 살균 #셀프빨래방 세종시 오픈한 #워시플래이스셀프빨래방 친정에서 독박육아중인 ^^ 며칠 비가 내리고 빨래가 챙겨들고 1번 20 세탁기에는 열심히 있습니다 .....
서울특별시 성북구 종암동에 위치한 24시 셀프빨래방 종암점,"성북경찰서 맞은편 우림카이저팰리스 1층에 셀프빨래방이 오픈했습니다. 넓고 쾌적한 공간이 마련되어 있으며, 운동화 세탁기를 비롯하여 LG스타일러와 셀프카운터(림스)..."
경기도 구리시 갈매순환로에 위치한 24시 셀프빨래방 구리 갈래점,"구리시 갈매지구에 셀프빨래방이 오픈했습니다. 운동화 세탁건조기, 셀프카운셀러(림스), LG스타일러 등 다양한 장비들이 갖추어져 있어 이용고객들의 편의를 생각한 점..."
"커피자판기, 트롬스타일러 가동의 건","안녕하세요 세종시 도담동 빨래방 워시플래이스입니다!! 한동안 부품입고가 지연되어 멈추어있던 커피자판기, 트롬스타일러 수리가 완료되었습니다^^ 이용하실 고객님들은 ..."
세종시 도담동빨래방 워시플래이스 내부전경,전체적인 분위기 네요 어떠세요 ㅎㅎ 또다른 워시플래이스의 자랑 트롬스타일러~~~~ 은은한 외부는 서비스입니다 ㅎㅎ 세종시 도담동 빨래방 워시플래이스 많은 사람부탁...
세종시 도담동 빨래방 워시플래이스 내부사진(공사중),"세종시 도담동 빨래방 워시플래이스만의 장점!! 운동화빨래/건조!! , LG 트롬스타일러!! , 전국 최대크기 세탁기입고!! 고객여러분들의 위한 편의시설!! 자판기..."
광안리해변이 내 집 마당인 주거명가 19평형,의류 스타일러 3. 음식물처리기 4. 빌트인 신발 이온 살균기 5. 천정형 빨래건조대 6. 비데일체형 양변기 7. 칫솔살균기 및 콘센트 내장 8. 라디에이터 수건...
서울특별시 성북구 종암동에 위치한 24시 셀프빨래방 종암점,"성북경찰서 맞은편 우림카이저팰리스 1층에 셀프빨래방이 오픈했습니다. 넓고 쾌적한 공간이 마련되어 있으며, 운동화 세탁기를 비롯하여 LG스타일러와 셀프카운터(림스)..."
경기도 구리시 갈매순환로에 위치한 24시 셀프빨래방 구리 갈래점,"구리시 갈매지구에 셀프빨래방이 오픈했습니다. 운동화 세탁건조기, 셀프카운셀러(림스), LG스타일러 등 다양한 장비들이 갖추어져 있어 이용고객들의 편의를 생각한 점..."
인천 신흥동 해경스테이3차 오피스텔,"▶ 내부 풀옵션 시스템 적용ㅡ 빌트인 냉장고, 인덕션, 시스템에어컨, 스타일러(의류살균, 흡취), 드럼세탁기등과 한샘브랜드 가구 설치. ▶ 단지 내 편의시설로 빨래방(무료), 카페테리아(무료), 무인..."
"커피자판기, 트롬스타일러 가동의 건","안녕하세요 세종시 도담동 빨래방 워시플래이스입니다!! 한동안 부품입고가 지연되어 멈추어있던 커피자판기, 트롬스타일러 수리가 완료되었습니다^^ 이용하실 고객님들은 ..."
세종시 도담동빨래방 워시플래이스 내부전경,전체적인 분위기 네요 어떠세요 ㅎㅎ 또다른 워시플래이스의 자랑 트롬스타일러~~~~ 은은한 외부는 서비스입니다 ㅎㅎ 세종시 도담동 빨래방 워시플래이스 많은 사람부탁...
세종시 도담동 빨래방 워시플래이스 내부사진(공사중),"세종시 도담동 빨래방 워시플래이스만의 장점!! 운동화빨래/건조!! , LG 트롬스타일러!! , 전국 최대크기 세탁기입고!! 고객여러분들의 위한 편의시설!! 자판기..."
광안리해변이 내 집 마당인 주거명가 19평형,의류 스타일러 3. 음식물처리기 4. 빌트인 신발 이온 살균기 5. 천정형 빨래건조대 6. 비데일체형 양변기 7. 칫솔살균기 및 콘센트 내장 8. 라디에이터 수건...
워시플래이스 이용가격 공개!!(오픈기념),"빨래방 적립서비스 구축(회원카드 X) 세탁 기본코스(행굼3회) : 5,000원 ~ 건조 기본코스 : 3,500원 ~ 운동화세탁(2~3켤레) : 3,500원 ~ 운동화건조(1~2켤레) : 3,000원 ~ LG트롬스타일러(드라이클리닝..."
공사 중간소식^^,안녕하세요 세종시 도담동 빨래방 워시플래이스입니다^^ 오늘은 공사중간소식을 알려드리기 위해... 트롬스타일러 입고완료~~ 모두 빌트인 시키고 페인트 작업중이시군요...
"상암우남퍼스트빌스타, 마포구청역오피스텔, 리얼역세권 오피스텔...","LG스타일러 등 꼼꼼하게 신경썼다는 것이 장점입니다. 창 사이에 블라인드가 설치되어 냉 난방비... 또한 북 카페와 대형 빨래방, 휘트니스센터가 있어 입주민의 학습공간 및 편의와 건강을 생각했다고..."
워시플래이스 이용가격 공개!!(오픈기념),"빨래방 적립서비스 구축(회원카드 X) 세탁 기본코스(행굼3회) : 5,000원 ~ 건조 기본코스 : 3,500원 ~ 운동화세탁(2~3켤레) : 3,500원 ~ 운동화건조(1~2켤레) : 3,000원 ~ LG트롬스타일러(드라이클리닝..."
공사 중간소식^^,안녕하세요 세종시 도담동 빨래방 워시플래이스입니다^^ 오늘은 공사중간소식을 알려드리기 위해... 트롬스타일러 입고완료~~ 모두 빌트인 시키고 페인트 작업중이시군요...
워시플래이스 이용가격 공개!!(오픈기념),"빨래방 적립서비스 구축(회원카드 X) 세탁 기본코스(행굼3회) : 5,000원 ~ 건조 기본코스 : 3,500원 ~ 운동화세탁(2~3켤레) : 3,500원 ~ 운동화건조(1~2켤레) : 3,000원 ~ LG트롬스타일러(드라이클리닝..."
공사 중간소식^^,안녕하세요 세종시 도담동 빨래방 워시플래이스입니다^^ 오늘은 공사중간소식을 알려드리기 위해... 트롬스타일러 입고완료~~ 모두 빌트인 시키고 페인트 작업중이시군요...
워시플래이스 이용가격 공개!!(오픈기념),"빨래방 적립서비스 구축(회원카드 X) 세탁 기본코스(행굼3회) : 5,000원 ~ 건조 기본코스 : 3,500원 ~ 운동화세탁(2~3켤레) : 3,500원 ~ 운동화건조(1~2켤레) : 3,000원 ~ LG트롬스타일러(드라이클리닝..."
공사 중간소식^^,안녕하세요 세종시 도담동 빨래방 워시플래이스입니다^^ 오늘은 공사중간소식을 알려드리기 위해... 트롬스타일러 입고완료~~ 모두 빌트인 시키고 페인트 작업중이시군요...
워시플래이스 이용가격 공개!!(오픈기념),"빨래방 적립서비스 구축(회원카드 X) 세탁 기본코스(행굼3회) : 5,000원 ~ 건조 기본코스 : 3,500원 ~ 운동화세탁(2~3켤레) : 3,500원 ~ 운동화건조(1~2켤레) : 3,000원 ~ LG트롬스타일러(드라이클리닝..."
공사 중간소식^^,안녕하세요 세종시 도담동 빨래방 워시플래이스입니다^^ 오늘은 공사중간소식을 알려드리기 위해... 트롬스타일러 입고완료~~ 모두 빌트인 시키고 페인트 작업중이시군요...
워시플래이스 이용가격 공개!!(오픈기념),"빨래방 적립서비스 구축(회원카드 X) 세탁 기본코스(행굼3회) : 5,000원 ~ 건조 기본코스 : 3,500원 ~ 운동화세탁(2~3켤레) : 3,500원 ~ 운동화건조(1~2켤레) : 3,000원 ~ LG트롬스타일러(드라이클리닝..."
공사 중간소식^^,안녕하세요 세종시 도담동 빨래방 워시플래이스입니다^^ 오늘은 공사중간소식을 알려드리기 위해... 트롬스타일러 입고완료~~ 모두 빌트인 시키고 페인트 작업중이시군요...
워시플래이스 이용가격 공개!!(오픈기념),"빨래방 적립서비스 구축(회원카드 X) 세탁 기본코스(행굼3회) : 5,000원 ~ 건조 기본코스 : 3,500원 ~ 운동화세탁(2~3켤레) : 3,500원 ~ 운동화건조(1~2켤레) : 3,000원 ~ LG트롬스타일러(드라이클리닝..."
공사 중간소식^^,안녕하세요 세종시 도담동 빨래방 워시플래이스입니다^^ 오늘은 공사중간소식을 알려드리기 위해... 트롬스타일러 입고완료~~ 모두 빌트인 시키고 페인트 작업중이시군요...
워시플래이스 이용가격 공개!!(오픈기념),"빨래방 적립서비스 구축(회원카드 X) 세탁 기본코스(행굼3회) : 5,000원 ~ 건조 기본코스 : 3,500원 ~ 운동화세탁(2~3켤레) : 3,500원 ~ 운동화건조(1~2켤레) : 3,000원 ~ LG트롬스타일러(드라이클리닝..."
공사 중간소식^^,안녕하세요 세종시 도담동 빨래방 워시플래이스입니다^^ 오늘은 공사중간소식을 알려드리기 위해... 트롬스타일러 입고완료~~ 모두 빌트인 시키고 페인트 작업중이시군요...
워시플래이스 이용가격 공개!!(오픈기념),"빨래방 적립서비스 구축(회원카드 X) 세탁 기본코스(행굼3회) : 5,000원 ~ 건조 기본코스 : 3,500원 ~ 운동화세탁(2~3켤레) : 3,500원 ~ 운동화건조(1~2켤레) : 3,000원 ~ LG트롬스타일러(드라이클리닝..."
공사 중간소식^^,안녕하세요 세종시 도담동 빨래방 워시플래이스입니다^^ 오늘은 공사중간소식을 알려드리기 위해... 트롬스타일러 입고완료~~ 모두 빌트인 시키고 페인트 작업중이시군요...
워시플래이스 이용가격 공개!!(오픈기념),"빨래방 적립서비스 구축(회원카드 X) 세탁 기본코스(행굼3회) : 5,000원 ~ 건조 기본코스 : 3,500원 ~ 운동화세탁(2~3켤레) : 3,500원 ~ 운동화건조(1~2켤레) : 3,000원 ~ LG트롬스타일러(드라이클리닝..."
공사 중간소식^^,안녕하세요 세종시 도담동 빨래방 워시플래이스입니다^^ 오늘은 공사중간소식을 알려드리기 위해... 트롬스타일러 입고완료~~ 모두 빌트인 시키고 페인트 작업중이시군요...
워시플래이스 이용가격 공개!!(오픈기념),"빨래방 적립서비스 구축(회원카드 X) 세탁 기본코스(행굼3회) : 5,000원 ~ 건조 기본코스 : 3,500원 ~ 운동화세탁(2~3켤레) : 3,500원 ~ 운동화건조(1~2켤레) : 3,000원 ~ LG트롬스타일러(드라이클리닝..."
공사 중간소식^^,안녕하세요 세종시 도담동 빨래방 워시플래이스입니다^^ 오늘은 공사중간소식을 알려드리기 위해... 트롬스타일러 입고완료~~ 모두 빌트인 시키고 페인트 작업중이시군요...
워시플래이스 이용가격 공개!!(오픈기념),"빨래방 적립서비스 구축(회원카드 X) 세탁 기본코스(행굼3회) : 5,000원 ~ 건조 기본코스 : 3,500원 ~ 운동화세탁(2~3켤레) : 3,500원 ~ 운동화건조(1~2켤레) : 3,000원 ~ LG트롬스타일러(드라이클리닝..."
공사 중간소식^^,안녕하세요 세종시 도담동 빨래방 워시플래이스입니다^^ 오늘은 공사중간소식을 알려드리기 위해... 트롬스타일러 입고완료~~ 모두 빌트인 시키고 페인트 작업중이시군요...
워시플래이스 이용가격 공개!!(오픈기념),"빨래방 적립서비스 구축(회원카드 X) 세탁 기본코스(행굼3회) : 5,000원 ~ 건조 기본코스 : 3,500원 ~ 운동화세탁(2~3켤레) : 3,500원 ~ 운동화건조(1~2켤레) : 3,000원 ~ LG트롬스타일러(드라이클리닝..."
공사 중간소식^^,안녕하세요 세종시 도담동 빨래방 워시플래이스입니다^^ 오늘은 공사중간소식을 알려드리기 위해... 트롬스타일러 입고완료~~ 모두 빌트인 시키고 페인트 작업중이시군요...
워시플래이스 이용가격 공개!!(오픈기념),"빨래방 적립서비스 구축(회원카드 X) 세탁 기본코스(행굼3회) : 5,000원 ~ 건조 기본코스 : 3,500원 ~ 운동화세탁(2~3켤레) : 3,500원 ~ 운동화건조(1~2켤레) : 3,000원 ~ LG트롬스타일러(드라이클리닝..."
공사 중간소식^^,안녕하세요 세종시 도담동 빨래방 워시플래이스입니다^^ 오늘은 공사중간소식을 알려드리기 위해... 트롬스타일러 입고완료~~ 모두 빌트인 시키고 페인트 작업중이시군요...
워시플래이스 이용가격 공개!!(오픈기념),"빨래방 적립서비스 구축(회원카드 X) 세탁 기본코스(행굼3회) : 5,000원 ~ 건조 기본코스 : 3,500원 ~ 운동화세탁(2~3켤레) : 3,500원 ~ 운동화건조(1~2켤레) : 3,000원 ~ LG트롬스타일러(드라이클리닝..."
공사 중간소식^^,안녕하세요 세종시 도담동 빨래방 워시플래이스입니다^^ 오늘은 공사중간소식을 알려드리기 위해... 트롬스타일러 입고완료~~ 모두 빌트인 시키고 페인트 작업중이시군요...
워시플래이스 이용가격 공개!!(오픈기념),"빨래방 적립서비스 구축(회원카드 X) 세탁 기본코스(행굼3회) : 5,000원 ~ 건조 기본코스 : 3,500원 ~ 운동화세탁(2~3켤레) : 3,500원 ~ 운동화건조(1~2켤레) : 3,000원 ~ LG트롬스타일러(드라이클리닝..."
공사 중간소식^^,안녕하세요 세종시 도담동 빨래방 워시플래이스입니다^^ 오늘은 공사중간소식을 알려드리기 위해... 트롬스타일러 입고완료~~ 모두 빌트인 시키고 페인트 작업중이시군요...
워시플래이스 이용가격 공개!!(오픈기념),"빨래방 적립서비스 구축(회원카드 X) 세탁 기본코스(행굼3회) : 5,000원 ~ 건조 기본코스 : 3,500원 ~ 운동화세탁(2~3켤레) : 3,500원 ~ 운동화건조(1~2켤레) : 3,000원 ~ LG트롬스타일러(드라이클리닝..."
공사 중간소식^^,안녕하세요 세종시 도담동 빨래방 워시플래이스입니다^^ 오늘은 공사중간소식을 알려드리기 위해... 트롬스타일러 입고완료~~ 모두 빌트인 시키고 페인트 작업중이시군요...
워시플래이스 이용가격 공개!!(오픈기념),"빨래방 적립서비스 구축(회원카드 X) 세탁 기본코스(행굼3회) : 5,000원 ~ 건조 기본코스 : 3,500원 ~ 운동화세탁(2~3켤레) : 3,500원 ~ 운동화건조(1~2켤레) : 3,000원 ~ LG트롬스타일러(드라이클리닝..."
공사 중간소식^^,안녕하세요 세종시 도담동 빨래방 워시플래이스입니다^^ 오늘은 공사중간소식을 알려드리기 위해... 트롬스타일러 입고완료~~ 모두 빌트인 시키고 페인트 작업중이시군요...
워시플래이스 이용가격 공개!!(오픈기념),"빨래방 적립서비스 구축(회원카드 X) 세탁 기본코스(행굼3회) : 5,000원 ~ 건조 기본코스 : 3,500원 ~ 운동화세탁(2~3켤레) : 3,500원 ~ 운동화건조(1~2켤레) : 3,000원 ~ LG트롬스타일러(드라이클리닝..."
공사 중간소식^^,안녕하세요 세종시 도담동 빨래방 워시플래이스입니다^^ 오늘은 공사중간소식을 알려드리기 위해... 트롬스타일러 입고완료~~ 모두 빌트인 시키고 페인트 작업중이시군요...
워시플래이스 이용가격 공개!!(오픈기념),"빨래방 적립서비스 구축(회원카드 X) 세탁 기본코스(행굼3회) : 5,000원 ~ 건조 기본코스 : 3,500원 ~ 운동화세탁(2~3켤레) : 3,500원 ~ 운동화건조(1~2켤레) : 3,000원 ~ LG트롬스타일러(드라이클리닝..."
공사 중간소식^^,안녕하세요 세종시 도담동 빨래방 워시플래이스입니다^^ 오늘은 공사중간소식을 알려드리기 위해... 트롬스타일러 입고완료~~ 모두 빌트인 시키고 페인트 작업중이시군요...
워시플래이스 이용가격 공개!!(오픈기념),"빨래방 적립서비스 구축(회원카드 X) 세탁 기본코스(행굼3회) : 5,000원 ~ 건조 기본코스 : 3,500원 ~ 운동화세탁(2~3켤레) : 3,500원 ~ 운동화건조(1~2켤레) : 3,000원 ~ LG트롬스타일러(드라이클리닝..."
공사 중간소식^^,안녕하세요 세종시 도담동 빨래방 워시플래이스입니다^^ 오늘은 공사중간소식을 알려드리기 위해... 트롬스타일러 입고완료~~ 모두 빌트인 시키고 페인트 작업중이시군요...
워시플래이스 이용가격 공개!!(오픈기념),"빨래방 적립서비스 구축(회원카드 X) 세탁 기본코스(행굼3회) : 5,000원 ~ 건조 기본코스 : 3,500원 ~ 운동화세탁(2~3켤레) : 3,500원 ~ 운동화건조(1~2켤레) : 3,000원 ~ LG트롬스타일러(드라이클리닝..."
공사 중간소식^^,안녕하세요 세종시 도담동 빨래방 워시플래이스입니다^^ 오늘은 공사중간소식을 알려드리기 위해... 트롬스타일러 입고완료~~ 모두 빌트인 시키고 페인트 작업중이시군요...
워시플래이스 이용가격 공개!!(오픈기념),"빨래방 적립서비스 구축(회원카드 X) 세탁 기본코스(행굼3회) : 5,000원 ~ 건조 기본코스 : 3,500원 ~ 운동화세탁(2~3켤레) : 3,500원 ~ 운동화건조(1~2켤레) : 3,000원 ~ LG트롬스타일러(드라이클리닝..."
공사 중간소식^^,안녕하세요 세종시 도담동 빨래방 워시플래이스입니다^^ 오늘은 공사중간소식을 알려드리기 위해... 트롬스타일러 입고완료~~ 모두 빌트인 시키고 페인트 작업중이시군요...
워시플래이스 이용가격 공개!!(오픈기념),"빨래방 적립서비스 구축(회원카드 X) 세탁 기본코스(행굼3회) : 5,000원 ~ 건조 기본코스 : 3,500원 ~ 운동화세탁(2~3켤레) : 3,500원 ~ 운동화건조(1~2켤레) : 3,000원 ~ LG트롬스타일러(드라이클리닝..."
공사 중간소식^^,안녕하세요 세종시 도담동 빨래방 워시플래이스입니다^^ 오늘은 공사중간소식을 알려드리기 위해... 트롬스타일러 입고완료~~ 모두 빌트인 시키고 페인트 작업중이시군요...
워시플래이스 이용가격 공개!!(오픈기념),"빨래방 적립서비스 구축(회원카드 X) 세탁 기본코스(행굼3회) : 5,000원 ~ 건조 기본코스 : 3,500원 ~ 운동화세탁(2~3켤레) : 3,500원 ~ 운동화건조(1~2켤레) : 3,000원 ~ LG트롬스타일러(드라이클리닝..."
공사 중간소식^^,안녕하세요 세종시 도담동 빨래방 워시플래이스입니다^^ 오늘은 공사중간소식을 알려드리기 위해... 트롬스타일러 입고완료~~ 모두 빌트인 시키고 페인트 작업중이시군요...
워시플래이스 이용가격 공개!!(오픈기념),"빨래방 적립서비스 구축(회원카드 X) 세탁 기본코스(행굼3회) : 5,000원 ~ 건조 기본코스 : 3,500원 ~ 운동화세탁(2~3켤레) : 3,500원 ~ 운동화건조(1~2켤레) : 3,000원 ~ LG트롬스타일러(드라이클리닝..."
공사 중간소식^^,안녕하세요 세종시 도담동 빨래방 워시플래이스입니다^^ 오늘은 공사중간소식을 알려드리기 위해... 트롬스타일러 입고완료~~ 모두 빌트인 시키고 페인트 작업중이시군요...
워시플래이스 이용가격 공개!!(오픈기념),"빨래방 적립서비스 구축(회원카드 X) 세탁 기본코스(행굼3회) : 5,000원 ~ 건조 기본코스 : 3,500원 ~ 운동화세탁(2~3켤레) : 3,500원 ~ 운동화건조(1~2켤레) : 3,000원 ~ LG트롬스타일러(드라이클리닝..."
공사 중간소식^^,안녕하세요 세종시 도담동 빨래방 워시플래이스입니다^^ 오늘은 공사중간소식을 알려드리기 위해... 트롬스타일러 입고완료~~ 모두 빌트인 시키고 페인트 작업중이시군요...
워시플래이스 이용가격 공개!!(오픈기념),"빨래방 적립서비스 구축(회원카드 X) 세탁 기본코스(행굼3회) : 5,000원 ~ 건조 기본코스 : 3,500원 ~ 운동화세탁(2~3켤레) : 3,500원 ~ 운동화건조(1~2켤레) : 3,000원 ~ LG트롬스타일러(드라이클리닝..."
공사 중간소식^^,안녕하세요 세종시 도담동 빨래방 워시플래이스입니다^^ 오늘은 공사중간소식을 알려드리기 위해... 트롬스타일러 입고완료~~ 모두 빌트인 시키고 페인트 작업중이시군요...
워시플래이스 이용가격 공개!!(오픈기념),"빨래방 적립서비스 구축(회원카드 X) 세탁 기본코스(행굼3회) : 5,000원 ~ 건조 기본코스 : 3,500원 ~ 운동화세탁(2~3켤레) : 3,500원 ~ 운동화건조(1~2켤레) : 3,000원 ~ LG트롬스타일러(드라이클리닝..."
공사 중간소식^^,안녕하세요 세종시 도담동 빨래방 워시플래이스입니다^^ 오늘은 공사중간소식을 알려드리기 위해... 트롬스타일러 입고완료~~ 모두 빌트인 시키고 페인트 작업중이시군요...
워시플래이스 이용가격 공개!!(오픈기념),"빨래방 적립서비스 구축(회원카드 X) 세탁 기본코스(행굼3회) : 5,000원 ~ 건조 기본코스 : 3,500원 ~ 운동화세탁(2~3켤레) : 3,500원 ~ 운동화건조(1~2켤레) : 3,000원 ~ LG트롬스타일러(드라이클리닝..."
공사 중간소식^^,안녕하세요 세종시 도담동 빨래방 워시플래이스입니다^^ 오늘은 공사중간소식을 알려드리기 위해... 트롬스타일러 입고완료~~ 모두 빌트인 시키고 페인트 작업중이시군요...
워시플래이스 이용가격 공개!!(오픈기념),"빨래방 적립서비스 구축(회원카드 X) 세탁 기본코스(행굼3회) : 5,000원 ~ 건조 기본코스 : 3,500원 ~ 운동화세탁(2~3켤레) : 3,500원 ~ 운동화건조(1~2켤레) : 3,000원 ~ LG트롬스타일러(드라이클리닝..."
공사 중간소식^^,안녕하세요 세종시 도담동 빨래방 워시플래이스입니다^^ 오늘은 공사중간소식을 알려드리기 위해... 트롬스타일러 입고완료~~ 모두 빌트인 시키고 페인트 작업중이시군요...
워시플래이스 이용가격 공개!!(오픈기념),"빨래방 적립서비스 구축(회원카드 X) 세탁 기본코스(행굼3회) : 5,000원 ~ 건조 기본코스 : 3,500원 ~ 운동화세탁(2~3켤레) : 3,500원 ~ 운동화건조(1~2켤레) : 3,000원 ~ LG트롬스타일러(드라이클리닝..."
공사 중간소식^^,안녕하세요 세종시 도담동 빨래방 워시플래이스입니다^^ 오늘은 공사중간소식을 알려드리기 위해... 트롬스타일러 입고완료~~ 모두 빌트인 시키고 페인트 작업중이시군요...
워시플래이스 이용가격 공개!!(오픈기념),"빨래방 적립서비스 구축(회원카드 X) 세탁 기본코스(행굼3회) : 5,000원 ~ 건조 기본코스 : 3,500원 ~ 운동화세탁(2~3켤레) : 3,500원 ~ 운동화건조(1~2켤레) : 3,000원 ~ LG트롬스타일러(드라이클리닝..."
공사 중간소식^^,안녕하세요 세종시 도담동 빨래방 워시플래이스입니다^^ 오늘은 공사중간소식을 알려드리기 위해... 트롬스타일러 입고완료~~ 모두 빌트인 시키고 페인트 작업중이시군요...
워시플래이스 이용가격 공개!!(오픈기념),"빨래방 적립서비스 구축(회원카드 X) 세탁 기본코스(행굼3회) : 5,000원 ~ 건조 기본코스 : 3,500원 ~ 운동화세탁(2~3켤레) : 3,500원 ~ 운동화건조(1~2켤레) : 3,000원 ~ LG트롬스타일러(드라이클리닝..."
공사 중간소식^^,안녕하세요 세종시 도담동 빨래방 워시플래이스입니다^^ 오늘은 공사중간소식을 알려드리기 위해... 트롬스타일러 입고완료~~ 모두 빌트인 시키고 페인트 작업중이시군요...
워시플래이스 이용가격 공개!!(오픈기념),"빨래방 적립서비스 구축(회원카드 X) 세탁 기본코스(행굼3회) : 5,000원 ~ 건조 기본코스 : 3,500원 ~ 운동화세탁(2~3켤레) : 3,500원 ~ 운동화건조(1~2켤레) : 3,000원 ~ LG트롬스타일러(드라이클리닝..."
공사 중간소식^^,안녕하세요 세종시 도담동 빨래방 워시플래이스입니다^^ 오늘은 공사중간소식을 알려드리기 위해... 트롬스타일러 입고완료~~ 모두 빌트인 시키고 페인트 작업중이시군요...
워시플래이스 이용가격 공개!!(오픈기념),"빨래방 적립서비스 구축(회원카드 X) 세탁 기본코스(행굼3회) : 5,000원 ~ 건조 기본코스 : 3,500원 ~ 운동화세탁(2~3켤레) : 3,500원 ~ 운동화건조(1~2켤레) : 3,000원 ~ LG트롬스타일러(드라이클리닝..."
공사 중간소식^^,안녕하세요 세종시 도담동 빨래방 워시플래이스입니다^^ 오늘은 공사중간소식을 알려드리기 위해... 트롬스타일러 입고완료~~ 모두 빌트인 시키고 페인트 작업중이시군요...
워시플래이스 이용가격 공개!!(오픈기념),"빨래방 적립서비스 구축(회원카드 X) 세탁 기본코스(행굼3회) : 5,000원 ~ 건조 기본코스 : 3,500원 ~ 운동화세탁(2~3켤레) : 3,500원 ~ 운동화건조(1~2켤레) : 3,000원 ~ LG트롬스타일러(드라이클리닝..."
공사 중간소식^^,안녕하세요 세종시 도담동 빨래방 워시플래이스입니다^^ 오늘은 공사중간소식을 알려드리기 위해... 트롬스타일러 입고완료~~ 모두 빌트인 시키고 페인트 작업중이시군요...
워시플래이스 이용가격 공개!!(오픈기념),"빨래방 적립서비스 구축(회원카드 X) 세탁 기본코스(행굼3회) : 5,000원 ~ 건조 기본코스 : 3,500원 ~ 운동화세탁(2~3켤레) : 3,500원 ~ 운동화건조(1~2켤레) : 3,000원 ~ LG트롬스타일러(드라이클리닝..."
공사 중간소식^^,안녕하세요 세종시 도담동 빨래방 워시플래이스입니다^^ 오늘은 공사중간소식을 알려드리기 위해... 트롬스타일러 입고완료~~ 모두 빌트인 시키고 페인트 작업중이시군요...
워시플래이스 이용가격 공개!!(오픈기념),"빨래방 적립서비스 구축(회원카드 X) 세탁 기본코스(행굼3회) : 5,000원 ~ 건조 기본코스 : 3,500원 ~ 운동화세탁(2~3켤레) : 3,500원 ~ 운동화건조(1~2켤레) : 3,000원 ~ LG트롬스타일러(드라이클리닝..."
공사 중간소식^^,안녕하세요 세종시 도담동 빨래방 워시플래이스입니다^^ 오늘은 공사중간소식을 알려드리기 위해... 트롬스타일러 입고완료~~ 모두 빌트인 시키고 페인트 작업중이시군요...
워시플래이스 이용가격 공개!!(오픈기념),"빨래방 적립서비스 구축(회원카드 X) 세탁 기본코스(행굼3회) : 5,000원 ~ 건조 기본코스 : 3,500원 ~ 운동화세탁(2~3켤레) : 3,500원 ~ 운동화건조(1~2켤레) : 3,000원 ~ LG트롬스타일러(드라이클리닝..."
공사 중간소식^^,안녕하세요 세종시 도담동 빨래방 워시플래이스입니다^^ 오늘은 공사중간소식을 알려드리기 위해... 트롬스타일러 입고완료~~ 모두 빌트인 시키고 페인트 작업중이시군요...
워시플래이스 이용가격 공개!!(오픈기념),"빨래방 적립서비스 구축(회원카드 X) 세탁 기본코스(행굼3회) : 5,000원 ~ 건조 기본코스 : 3,500원 ~ 운동화세탁(2~3켤레) : 3,500원 ~ 운동화건조(1~2켤레) : 3,000원 ~ LG트롬스타일러(드라이클리닝..."
공사 중간소식^^,안녕하세요 세종시 도담동 빨래방 워시플래이스입니다^^ 오늘은 공사중간소식을 알려드리기 위해... 트롬스타일러 입고완료~~ 모두 빌트인 시키고 페인트 작업중이시군요...
워시플래이스 이용가격 공개!!(오픈기념),"빨래방 적립서비스 구축(회원카드 X) 세탁 기본코스(행굼3회) : 5,000원 ~ 건조 기본코스 : 3,500원 ~ 운동화세탁(2~3켤레) : 3,500원 ~ 운동화건조(1~2켤레) : 3,000원 ~ LG트롬스타일러(드라이클리닝..."
공사 중간소식^^,안녕하세요 세종시 도담동 빨래방 워시플래이스입니다^^ 오늘은 공사중간소식을 알려드리기 위해... 트롬스타일러 입고완료~~ 모두 빌트인 시키고 페인트 작업중이시군요...
워시플래이스 이용가격 공개!!(오픈기념),"빨래방 적립서비스 구축(회원카드 X) 세탁 기본코스(행굼3회) : 5,000원 ~ 건조 기본코스 : 3,500원 ~ 운동화세탁(2~3켤레) : 3,500원 ~ 운동화건조(1~2켤레) : 3,000원 ~ LG트롬스타일러(드라이클리닝..."
공사 중간소식^^,안녕하세요 세종시 도담동 빨래방 워시플래이스입니다^^ 오늘은 공사중간소식을 알려드리기 위해... 트롬스타일러 입고완료~~ 모두 빌트인 시키고 페인트 작업중이시군요...
워시플래이스 이용가격 공개!!(오픈기념),"빨래방 적립서비스 구축(회원카드 X) 세탁 기본코스(행굼3회) : 5,000원 ~ 건조 기본코스 : 3,500원 ~ 운동화세탁(2~3켤레) : 3,500원 ~ 운동화건조(1~2켤레) : 3,000원 ~ LG트롬스타일러(드라이클리닝..."
공사 중간소식^^,안녕하세요 세종시 도담동 빨래방 워시플래이스입니다^^ 오늘은 공사중간소식을 알려드리기 위해... 트롬스타일러 입고완료~~ 모두 빌트인 시키고 페인트 작업중이시군요...
워시플래이스 이용가격 공개!!(오픈기념),"빨래방 적립서비스 구축(회원카드 X) 세탁 기본코스(행굼3회) : 5,000원 ~ 건조 기본코스 : 3,500원 ~ 운동화세탁(2~3켤레) : 3,500원 ~ 운동화건조(1~2켤레) : 3,000원 ~ LG트롬스타일러(드라이클리닝..."
공사 중간소식^^,안녕하세요 세종시 도담동 빨래방 워시플래이스입니다^^ 오늘은 공사중간소식을 알려드리기 위해... 트롬스타일러 입고완료~~ 모두 빌트인 시키고 페인트 작업중이시군요...
워시플래이스 이용가격 공개!!(오픈기념),"빨래방 적립서비스 구축(회원카드 X) 세탁 기본코스(행굼3회) : 5,000원 ~ 건조 기본코스 : 3,500원 ~ 운동화세탁(2~3켤레) : 3,500원 ~ 운동화건조(1~2켤레) : 3,000원 ~ LG트롬스타일러(드라이클리닝..."
공사 중간소식^^,안녕하세요 세종시 도담동 빨래방 워시플래이스입니다^^ 오늘은 공사중간소식을 알려드리기 위해... 트롬스타일러 입고완료~~ 모두 빌트인 시키고 페인트 작업중이시군요...
워시플래이스 이용가격 공개!!(오픈기념),"빨래방 적립서비스 구축(회원카드 X) 세탁 기본코스(행굼3회) : 5,000원 ~ 건조 기본코스 : 3,500원 ~ 운동화세탁(2~3켤레) : 3,500원 ~ 운동화건조(1~2켤레) : 3,000원 ~ LG트롬스타일러(드라이클리닝..."
공사 중간소식^^,안녕하세요 세종시 도담동 빨래방 워시플래이스입니다^^ 오늘은 공사중간소식을 알려드리기 위해... 트롬스타일러 입고완료~~ 모두 빌트인 시키고 페인트 작업중이시군요...
워시플래이스 이용가격 공개!!(오픈기념),"빨래방 적립서비스 구축(회원카드 X) 세탁 기본코스(행굼3회) : 5,000원 ~ 건조 기본코스 : 3,500원 ~ 운동화세탁(2~3켤레) : 3,500원 ~ 운동화건조(1~2켤레) : 3,000원 ~ LG트롬스타일러(드라이클리닝..."
공사 중간소식^^,안녕하세요 세종시 도담동 빨래방 워시플래이스입니다^^ 오늘은 공사중간소식을 알려드리기 위해... 트롬스타일러 입고완료~~ 모두 빌트인 시키고 페인트 작업중이시군요...
워시플래이스 이용가격 공개!!(오픈기념),"빨래방 적립서비스 구축(회원카드 X) 세탁 기본코스(행굼3회) : 5,000원 ~ 건조 기본코스 : 3,500원 ~ 운동화세탁(2~3켤레) : 3,500원 ~ 운동화건조(1~2켤레) : 3,000원 ~ LG트롬스타일러(드라이클리닝..."
공사 중간소식^^,안녕하세요 세종시 도담동 빨래방 워시플래이스입니다^^ 오늘은 공사중간소식을 알려드리기 위해... 트롬스타일러 입고완료~~ 모두 빌트인 시키고 페인트 작업중이시군요...
워시플래이스 이용가격 공개!!(오픈기념),"빨래방 적립서비스 구축(회원카드 X) 세탁 기본코스(행굼3회) : 5,000원 ~ 건조 기본코스 : 3,500원 ~ 운동화세탁(2~3켤레) : 3,500원 ~ 운동화건조(1~2켤레) : 3,000원 ~ LG트롬스타일러(드라이클리닝..."
공사 중간소식^^,안녕하세요 세종시 도담동 빨래방 워시플래이스입니다^^ 오늘은 공사중간소식을 알려드리기 위해... 트롬스타일러 입고완료~~ 모두 빌트인 시키고 페인트 작업중이시군요...
워시플래이스 이용가격 공개!!(오픈기념),"빨래방 적립서비스 구축(회원카드 X) 세탁 기본코스(행굼3회) : 5,000원 ~ 건조 기본코스 : 3,500원 ~ 운동화세탁(2~3켤레) : 3,500원 ~ 운동화건조(1~2켤레) : 3,000원 ~ LG트롬스타일러(드라이클리닝..."
공사 중간소식^^,안녕하세요 세종시 도담동 빨래방 워시플래이스입니다^^ 오늘은 공사중간소식을 알려드리기 위해... 트롬스타일러 입고완료~~ 모두 빌트인 시키고 페인트 작업중이시군요...
워시플래이스 이용가격 공개!!(오픈기념),"빨래방 적립서비스 구축(회원카드 X) 세탁 기본코스(행굼3회) : 5,000원 ~ 건조 기본코스 : 3,500원 ~ 운동화세탁(2~3켤레) : 3,500원 ~ 운동화건조(1~2켤레) : 3,000원 ~ LG트롬스타일러(드라이클리닝..."
공사 중간소식^^,안녕하세요 세종시 도담동 빨래방 워시플래이스입니다^^ 오늘은 공사중간소식을 알려드리기 위해... 트롬스타일러 입고완료~~ 모두 빌트인 시키고 페인트 작업중이시군요...
워시플래이스 이용가격 공개!!(오픈기념),"빨래방 적립서비스 구축(회원카드 X) 세탁 기본코스(행굼3회) : 5,000원 ~ 건조 기본코스 : 3,500원 ~ 운동화세탁(2~3켤레) : 3,500원 ~ 운동화건조(1~2켤레) : 3,000원 ~ LG트롬스타일러(드라이클리닝..."
공사 중간소식^^,안녕하세요 세종시 도담동 빨래방 워시플래이스입니다^^ 오늘은 공사중간소식을 알려드리기 위해... 트롬스타일러 입고완료~~ 모두 빌트인 시키고 페인트 작업중이시군요...
워시플래이스 이용가격 공개!!(오픈기념),"빨래방 적립서비스 구축(회원카드 X) 세탁 기본코스(행굼3회) : 5,000원 ~ 건조 기본코스 : 3,500원 ~ 운동화세탁(2~3켤레) : 3,500원 ~ 운동화건조(1~2켤레) : 3,000원 ~ LG트롬스타일러(드라이클리닝..."
공사 중간소식^^,안녕하세요 세종시 도담동 빨래방 워시플래이스입니다^^ 오늘은 공사중간소식을 알려드리기 위해... 트롬스타일러 입고완료~~ 모두 빌트인 시키고 페인트 작업중이시군요...
워시플래이스 이용가격 공개!!(오픈기념),"빨래방 적립서비스 구축(회원카드 X) 세탁 기본코스(행굼3회) : 5,000원 ~ 건조 기본코스 : 3,500원 ~ 운동화세탁(2~3켤레) : 3,500원 ~ 운동화건조(1~2켤레) : 3,000원 ~ LG트롬스타일러(드라이클리닝..."
공사 중간소식^^,안녕하세요 세종시 도담동 빨래방 워시플래이스입니다^^ 오늘은 공사중간소식을 알려드리기 위해... 트롬스타일러 입고완료~~ 모두 빌트인 시키고 페인트 작업중이시군요...
워시플래이스 이용가격 공개!!(오픈기념),"빨래방 적립서비스 구축(회원카드 X) 세탁 기본코스(행굼3회) : 5,000원 ~ 건조 기본코스 : 3,500원 ~ 운동화세탁(2~3켤레) : 3,500원 ~ 운동화건조(1~2켤레) : 3,000원 ~ LG트롬스타일러(드라이클리닝..."
공사 중간소식^^,안녕하세요 세종시 도담동 빨래방 워시플래이스입니다^^ 오늘은 공사중간소식을 알려드리기 위해... 트롬스타일러 입고완료~~ 모두 빌트인 시키고 페인트 작업중이시군요...
워시플래이스 이용가격 공개!!(오픈기념),"빨래방 적립서비스 구축(회원카드 X) 세탁 기본코스(행굼3회) : 5,000원 ~ 건조 기본코스 : 3,500원 ~ 운동화세탁(2~3켤레) : 3,500원 ~ 운동화건조(1~2켤레) : 3,000원 ~ LG트롬스타일러(드라이클리닝..."
공사 중간소식^^,안녕하세요 세종시 도담동 빨래방 워시플래이스입니다^^ 오늘은 공사중간소식을 알려드리기 위해... 트롬스타일러 입고완료~~ 모두 빌트인 시키고 페인트 작업중이시군요...
워시플래이스 이용가격 공개!!(오픈기념),"빨래방 적립서비스 구축(회원카드 X) 세탁 기본코스(행굼3회) : 5,000원 ~ 건조 기본코스 : 3,500원 ~ 운동화세탁(2~3켤레) : 3,500원 ~ 운동화건조(1~2켤레) : 3,000원 ~ LG트롬스타일러(드라이클리닝..."
공사 중간소식^^,안녕하세요 세종시 도담동 빨래방 워시플래이스입니다^^ 오늘은 공사중간소식을 알려드리기 위해... 트롬스타일러 입고완료~~ 모두 빌트인 시키고 페인트 작업중이시군요...
워시플래이스 이용가격 공개!!(오픈기념),"빨래방 적립서비스 구축(회원카드 X) 세탁 기본코스(행굼3회) : 5,000원 ~ 건조 기본코스 : 3,500원 ~ 운동화세탁(2~3켤레) : 3,500원 ~ 운동화건조(1~2켤레) : 3,000원 ~ LG트롬스타일러(드라이클리닝..."
공사 중간소식^^,안녕하세요 세종시 도담동 빨래방 워시플래이스입니다^^ 오늘은 공사중간소식을 알려드리기 위해... 트롬스타일러 입고완료~~ 모두 빌트인 시키고 페인트 작업중이시군요...
워시플래이스 이용가격 공개!!(오픈기념),"빨래방 적립서비스 구축(회원카드 X) 세탁 기본코스(행굼3회) : 5,000원 ~ 건조 기본코스 : 3,500원 ~ 운동화세탁(2~3켤레) : 3,500원 ~ 운동화건조(1~2켤레) : 3,000원 ~ LG트롬스타일러(드라이클리닝..."
공사 중간소식^^,안녕하세요 세종시 도담동 빨래방 워시플래이스입니다^^ 오늘은 공사중간소식을 알려드리기 위해... 트롬스타일러 입고완료~~ 모두 빌트인 시키고 페인트 작업중이시군요...
워시플래이스 이용가격 공개!!(오픈기념),"빨래방 적립서비스 구축(회원카드 X) 세탁 기본코스(행굼3회) : 5,000원 ~ 건조 기본코스 : 3,500원 ~ 운동화세탁(2~3켤레) : 3,500원 ~ 운동화건조(1~2켤레) : 3,000원 ~ LG트롬스타일러(드라이클리닝..."
공사 중간소식^^,안녕하세요 세종시 도담동 빨래방 워시플래이스입니다^^ 오늘은 공사중간소식을 알려드리기 위해... 트롬스타일러 입고완료~~ 모두 빌트인 시키고 페인트 작업중이시군요...
워시플래이스 이용가격 공개!!(오픈기념),"빨래방 적립서비스 구축(회원카드 X) 세탁 기본코스(행굼3회) : 5,000원 ~ 건조 기본코스 : 3,500원 ~ 운동화세탁(2~3켤레) : 3,500원 ~ 운동화건조(1~2켤레) : 3,000원 ~ LG트롬스타일러(드라이클리닝..."
공사 중간소식^^,안녕하세요 세종시 도담동 빨래방 워시플래이스입니다^^ 오늘은 공사중간소식을 알려드리기 위해... 트롬스타일러 입고완료~~ 모두 빌트인 시키고 페인트 작업중이시군요...
워시플래이스 이용가격 공개!!(오픈기념),"빨래방 적립서비스 구축(회원카드 X) 세탁 기본코스(행굼3회) : 5,000원 ~ 건조 기본코스 : 3,500원 ~ 운동화세탁(2~3켤레) : 3,500원 ~ 운동화건조(1~2켤레) : 3,000원 ~ LG트롬스타일러(드라이클리닝..."
공사 중간소식^^,안녕하세요 세종시 도담동 빨래방 워시플래이스입니다^^ 오늘은 공사중간소식을 알려드리기 위해... 트롬스타일러 입고완료~~ 모두 빌트인 시키고 페인트 작업중이시군요...
워시플래이스 이용가격 공개!!(오픈기념),"빨래방 적립서비스 구축(회원카드 X) 세탁 기본코스(행굼3회) : 5,000원 ~ 건조 기본코스 : 3,500원 ~ 운동화세탁(2~3켤레) : 3,500원 ~ 운동화건조(1~2켤레) : 3,000원 ~ LG트롬스타일러(드라이클리닝..."
공사 중간소식^^,안녕하세요 세종시 도담동 빨래방 워시플래이스입니다^^ 오늘은 공사중간소식을 알려드리기 위해... 트롬스타일러 입고완료~~ 모두 빌트인 시키고 페인트 작업중이시군요...
워시플래이스 이용가격 공개!!(오픈기념),"빨래방 적립서비스 구축(회원카드 X) 세탁 기본코스(행굼3회) : 5,000원 ~ 건조 기본코스 : 3,500원 ~ 운동화세탁(2~3켤레) : 3,500원 ~ 운동화건조(1~2켤레) : 3,000원 ~ LG트롬스타일러(드라이클리닝..."
공사 중간소식^^,안녕하세요 세종시 도담동 빨래방 워시플래이스입니다^^ 오늘은 공사중간소식을 알려드리기 위해... 트롬스타일러 입고완료~~ 모두 빌트인 시키고 페인트 작업중이시군요...
워시플래이스 이용가격 공개!!(오픈기념),"빨래방 적립서비스 구축(회원카드 X) 세탁 기본코스(행굼3회) : 5,000원 ~ 건조 기본코스 : 3,500원 ~ 운동화세탁(2~3켤레) : 3,500원 ~ 운동화건조(1~2켤레) : 3,000원 ~ LG트롬스타일러(드라이클리닝..."
공사 중간소식^^,안녕하세요 세종시 도담동 빨래방 워시플래이스입니다^^ 오늘은 공사중간소식을 알려드리기 위해... 트롬스타일러 입고완료~~ 모두 빌트인 시키고 페인트 작업중이시군요...
워시플래이스 이용가격 공개!!(오픈기념),"빨래방 적립서비스 구축(회원카드 X) 세탁 기본코스(행굼3회) : 5,000원 ~ 건조 기본코스 : 3,500원 ~ 운동화세탁(2~3켤레) : 3,500원 ~ 운동화건조(1~2켤레) : 3,000원 ~ LG트롬스타일러(드라이클리닝..."
공사 중간소식^^,안녕하세요 세종시 도담동 빨래방 워시플래이스입니다^^ 오늘은 공사중간소식을 알려드리기 위해... 트롬스타일러 입고완료~~ 모두 빌트인 시키고 페인트 작업중이시군요...
워시플래이스 이용가격 공개!!(오픈기념),"빨래방 적립서비스 구축(회원카드 X) 세탁 기본코스(행굼3회) : 5,000원 ~ 건조 기본코스 : 3,500원 ~ 운동화세탁(2~3켤레) : 3,500원 ~ 운동화건조(1~2켤레) : 3,000원 ~ LG트롬스타일러(드라이클리닝..."
공사 중간소식^^,안녕하세요 세종시 도담동 빨래방 워시플래이스입니다^^ 오늘은 공사중간소식을 알려드리기 위해... 트롬스타일러 입고완료~~ 모두 빌트인 시키고 페인트 작업중이시군요...
워시플래이스 이용가격 공개!!(오픈기념),"빨래방 적립서비스 구축(회원카드 X) 세탁 기본코스(행굼3회) : 5,000원 ~ 건조 기본코스 : 3,500원 ~ 운동화세탁(2~3켤레) : 3,500원 ~ 운동화건조(1~2켤레) : 3,000원 ~ LG트롬스타일러(드라이클리닝..."
공사 중간소식^^,안녕하세요 세종시 도담동 빨래방 워시플래이스입니다^^ 오늘은 공사중간소식을 알려드리기 위해... 트롬스타일러 입고완료~~ 모두 빌트인 시키고 페인트 작업중이시군요...
워시플래이스 이용가격 공개!!(오픈기념),"빨래방 적립서비스 구축(회원카드 X) 세탁 기본코스(행굼3회) : 5,000원 ~ 건조 기본코스 : 3,500원 ~ 운동화세탁(2~3켤레) : 3,500원 ~ 운동화건조(1~2켤레) : 3,000원 ~ LG트롬스타일러(드라이클리닝..."
공사 중간소식^^,안녕하세요 세종시 도담동 빨래방 워시플래이스입니다^^ 오늘은 공사중간소식을 알려드리기 위해... 트롬스타일러 입고완료~~ 모두 빌트인 시키고 페인트 작업중이시군요...
워시플래이스 이용가격 공개!!(오픈기념),"빨래방 적립서비스 구축(회원카드 X) 세탁 기본코스(행굼3회) : 5,000원 ~ 건조 기본코스 : 3,500원 ~ 운동화세탁(2~3켤레) : 3,500원 ~ 운동화건조(1~2켤레) : 3,000원 ~ LG트롬스타일러(드라이클리닝..."
공사 중간소식^^,안녕하세요 세종시 도담동 빨래방 워시플래이스입니다^^ 오늘은 공사중간소식을 알려드리기 위해... 트롬스타일러 입고완료~~ 모두 빌트인 시키고 페인트 작업중이시군요...
워시플래이스 이용가격 공개!!(오픈기념),"빨래방 적립서비스 구축(회원카드 X) 세탁 기본코스(행굼3회) : 5,000원 ~ 건조 기본코스 : 3,500원 ~ 운동화세탁(2~3켤레) : 3,500원 ~ 운동화건조(1~2켤레) : 3,000원 ~ LG트롬스타일러(드라이클리닝..."
공사 중간소식^^,안녕하세요 세종시 도담동 빨래방 워시플래이스입니다^^ 오늘은 공사중간소식을 알려드리기 위해... 트롬스타일러 입고완료~~ 모두 빌트인 시키고 페인트 작업중이시군요...
워시플래이스 이용가격 공개!!(오픈기념),"빨래방 적립서비스 구축(회원카드 X) 세탁 기본코스(행굼3회) : 5,000원 ~ 건조 기본코스 : 3,500원 ~ 운동화세탁(2~3켤레) : 3,500원 ~ 운동화건조(1~2켤레) : 3,000원 ~ LG트롬스타일러(드라이클리닝..."
공사 중간소식^^,안녕하세요 세종시 도담동 빨래방 워시플래이스입니다^^ 오늘은 공사중간소식을 알려드리기 위해... 트롬스타일러 입고완료~~ 모두 빌트인 시키고 페인트 작업중이시군요...
워시플래이스 이용가격 공개!!(오픈기념),"빨래방 적립서비스 구축(회원카드 X) 세탁 기본코스(행굼3회) : 5,000원 ~ 건조 기본코스 : 3,500원 ~ 운동화세탁(2~3켤레) : 3,500원 ~ 운동화건조(1~2켤레) : 3,000원 ~ LG트롬스타일러(드라이클리닝..."
공사 중간소식^^,안녕하세요 세종시 도담동 빨래방 워시플래이스입니다^^ 오늘은 공사중간소식을 알려드리기 위해... 트롬스타일러 입고완료~~ 모두 빌트인 시키고 페인트 작업중이시군요...
워시플래이스 이용가격 공개!!(오픈기념),"빨래방 적립서비스 구축(회원카드 X) 세탁 기본코스(행굼3회) : 5,000원 ~ 건조 기본코스 : 3,500원 ~ 운동화세탁(2~3켤레) : 3,500원 ~ 운동화건조(1~2켤레) : 3,000원 ~ LG트롬스타일러(드라이클리닝..."
공사 중간소식^^,안녕하세요 세종시 도담동 빨래방 워시플래이스입니다^^ 오늘은 공사중간소식을 알려드리기 위해... 트롬스타일러 입고완료~~ 모두 빌트인 시키고 페인트 작업중이시군요...
워시플래이스 이용가격 공개!!(오픈기념),"빨래방 적립서비스 구축(회원카드 X) 세탁 기본코스(행굼3회) : 5,000원 ~ 건조 기본코스 : 3,500원 ~ 운동화세탁(2~3켤레) : 3,500원 ~ 운동화건조(1~2켤레) : 3,000원 ~ LG트롬스타일러(드라이클리닝..."
공사 중간소식^^,안녕하세요 세종시 도담동 빨래방 워시플래이스입니다^^ 오늘은 공사중간소식을 알려드리기 위해... 트롬스타일러 입고완료~~ 모두 빌트인 시키고 페인트 작업중이시군요...
워시플래이스 이용가격 공개!!(오픈기념),"빨래방 적립서비스 구축(회원카드 X) 세탁 기본코스(행굼3회) : 5,000원 ~ 건조 기본코스 : 3,500원 ~ 운동화세탁(2~3켤레) : 3,500원 ~ 운동화건조(1~2켤레) : 3,000원 ~ LG트롬스타일러(드라이클리닝..."
공사 중간소식^^,안녕하세요 세종시 도담동 빨래방 워시플래이스입니다^^ 오늘은 공사중간소식을 알려드리기 위해... 트롬스타일러 입고완료~~ 모두 빌트인 시키고 페인트 작업중이시군요...
워시플래이스 이용가격 공개!!(오픈기념),"빨래방 적립서비스 구축(회원카드 X) 세탁 기본코스(행굼3회) : 5,000원 ~ 건조 기본코스 : 3,500원 ~ 운동화세탁(2~3켤레) : 3,500원 ~ 운동화건조(1~2켤레) : 3,000원 ~ LG트롬스타일러(드라이클리닝..."
공사 중간소식^^,안녕하세요 세종시 도담동 빨래방 워시플래이스입니다^^ 오늘은 공사중간소식을 알려드리기 위해... 트롬스타일러 입고완료~~ 모두 빌트인 시키고 페인트 작업중이시군요...
워시플래이스 이용가격 공개!!(오픈기념),"빨래방 적립서비스 구축(회원카드 X) 세탁 기본코스(행굼3회) : 5,000원 ~ 건조 기본코스 : 3,500원 ~ 운동화세탁(2~3켤레) : 3,500원 ~ 운동화건조(1~2켤레) : 3,000원 ~ LG트롬스타일러(드라이클리닝..."
공사 중간소식^^,안녕하세요 세종시 도담동 빨래방 워시플래이스입니다^^ 오늘은 공사중간소식을 알려드리기 위해... 트롬스타일러 입고완료~~ 모두 빌트인 시키고 페인트 작업중이시군요...
워시플래이스 이용가격 공개!!(오픈기념),"빨래방 적립서비스 구축(회원카드 X) 세탁 기본코스(행굼3회) : 5,000원 ~ 건조 기본코스 : 3,500원 ~ 운동화세탁(2~3켤레) : 3,500원 ~ 운동화건조(1~2켤레) : 3,000원 ~ LG트롬스타일러(드라이클리닝..."
공사 중간소식^^,안녕하세요 세종시 도담동 빨래방 워시플래이스입니다^^ 오늘은 공사중간소식을 알려드리기 위해... 트롬스타일러 입고완료~~ 모두 빌트인 시키고 페인트 작업중이시군요...
워시플래이스 이용가격 공개!!(오픈기념),"빨래방 적립서비스 구축(회원카드 X) 세탁 기본코스(행굼3회) : 5,000원 ~ 건조 기본코스 : 3,500원 ~ 운동화세탁(2~3켤레) : 3,500원 ~ 운동화건조(1~2켤레) : 3,000원 ~ LG트롬스타일러(드라이클리닝..."
공사 중간소식^^,안녕하세요 세종시 도담동 빨래방 워시플래이스입니다^^ 오늘은 공사중간소식을 알려드리기 위해... 트롬스타일러 입고완료~~ 모두 빌트인 시키고 페인트 작업중이시군요...
워시플래이스 이용가격 공개!!(오픈기념),"빨래방 적립서비스 구축(회원카드 X) 세탁 기본코스(행굼3회) : 5,000원 ~ 건조 기본코스 : 3,500원 ~ 운동화세탁(2~3켤레) : 3,500원 ~ 운동화건조(1~2켤레) : 3,000원 ~ LG트롬스타일러(드라이클리닝..."
공사 중간소식^^,안녕하세요 세종시 도담동 빨래방 워시플래이스입니다^^ 오늘은 공사중간소식을 알려드리기 위해... 트롬스타일러 입고완료~~ 모두 빌트인 시키고 페인트 작업중이시군요...
워시플래이스 이용가격 공개!!(오픈기념),"빨래방 적립서비스 구축(회원카드 X) 세탁 기본코스(행굼3회) : 5,000원 ~ 건조 기본코스 : 3,500원 ~ 운동화세탁(2~3켤레) : 3,500원 ~ 운동화건조(1~2켤레) : 3,000원 ~ LG트롬스타일러(드라이클리닝..."
공사 중간소식^^,안녕하세요 세종시 도담동 빨래방 워시플래이스입니다^^ 오늘은 공사중간소식을 알려드리기 위해... 트롬스타일러 입고완료~~ 모두 빌트인 시키고 페인트 작업중이시군요...
워시플래이스 이용가격 공개!!(오픈기념),"빨래방 적립서비스 구축(회원카드 X) 세탁 기본코스(행굼3회) : 5,000원 ~ 건조 기본코스 : 3,500원 ~ 운동화세탁(2~3켤레) : 3,500원 ~ 운동화건조(1~2켤레) : 3,000원 ~ LG트롬스타일러(드라이클리닝..."
공사 중간소식^^,안녕하세요 세종시 도담동 빨래방 워시플래이스입니다^^ 오늘은 공사중간소식을 알려드리기 위해... 트롬스타일러 입고완료~~ 모두 빌트인 시키고 페인트 작업중이시군요...
워시플래이스 이용가격 공개!!(오픈기념),"빨래방 적립서비스 구축(회원카드 X) 세탁 기본코스(행굼3회) : 5,000원 ~ 건조 기본코스 : 3,500원 ~ 운동화세탁(2~3켤레) : 3,500원 ~ 운동화건조(1~2켤레) : 3,000원 ~ LG트롬스타일러(드라이클리닝..."
공사 중간소식^^,안녕하세요 세종시 도담동 빨래방 워시플래이스입니다^^ 오늘은 공사중간소식을 알려드리기 위해... 트롬스타일러 입고완료~~ 모두 빌트인 시키고 페인트 작업중이시군요...
워시플래이스 이용가격 공개!!(오픈기념),"빨래방 적립서비스 구축(회원카드 X) 세탁 기본코스(행굼3회) : 5,000원 ~ 건조 기본코스 : 3,500원 ~ 운동화세탁(2~3켤레) : 3,500원 ~ 운동화건조(1~2켤레) : 3,000원 ~ LG트롬스타일러(드라이클리닝..."
공사 중간소식^^,안녕하세요 세종시 도담동 빨래방 워시플래이스입니다^^ 오늘은 공사중간소식을 알려드리기 위해... 트롬스타일러 입고완료~~ 모두 빌트인 시키고 페인트 작업중이시군요...
워시플래이스 이용가격 공개!!(오픈기념),"빨래방 적립서비스 구축(회원카드 X) 세탁 기본코스(행굼3회) : 5,000원 ~ 건조 기본코스 : 3,500원 ~ 운동화세탁(2~3켤레) : 3,500원 ~ 운동화건조(1~2켤레) : 3,000원 ~ LG트롬스타일러(드라이클리닝..."
공사 중간소식^^,안녕하세요 세종시 도담동 빨래방 워시플래이스입니다^^ 오늘은 공사중간소식을 알려드리기 위해... 트롬스타일러 입고완료~~ 모두 빌트인 시키고 페인트 작업중이시군요...
워시플래이스 이용가격 공개!!(오픈기념),"빨래방 적립서비스 구축(회원카드 X) 세탁 기본코스(행굼3회) : 5,000원 ~ 건조 기본코스 : 3,500원 ~ 운동화세탁(2~3켤레) : 3,500원 ~ 운동화건조(1~2켤레) : 3,000원 ~ LG트롬스타일러(드라이클리닝..."
공사 중간소식^^,안녕하세요 세종시 도담동 빨래방 워시플래이스입니다^^ 오늘은 공사중간소식을 알려드리기 위해... 트롬스타일러 입고완료~~ 모두 빌트인 시키고 페인트 작업중이시군요...
워시플래이스 이용가격 공개!!(오픈기념),"빨래방 적립서비스 구축(회원카드 X) 세탁 기본코스(행굼3회) : 5,000원 ~ 건조 기본코스 : 3,500원 ~ 운동화세탁(2~3켤레) : 3,500원 ~ 운동화건조(1~2켤레) : 3,000원 ~ LG트롬스타일러(드라이클리닝..."
공사 중간소식^^,안녕하세요 세종시 도담동 빨래방 워시플래이스입니다^^ 오늘은 공사중간소식을 알려드리기 위해... 트롬스타일러 입고완료~~ 모두 빌트인 시키고 페인트 작업중이시군요...
