index,갯수
미세먼지,298
의류건조기,289
스팀다리미,248
빨래건조기,234
블라우스,226
와이셔츠,226
미세먼지제거,225
음식냄새제거,217
정수기,203
집스타그램,199
혼수가전,175
인테리어,174
데일리,171
국민체험단,167
드레스룸,166
패션스타그램,161
렌탈,155
워너비가전,151
에어프라이어,149
스타일링클래스,149
LG트롬국민체험단,140
LGTROMM건조기,138
코웨이,136
맘스타그램,134
옷스타그램,131
행복,128
스타일러라운지,126
스타벅스,123
모집시작,122
스타일링,120
스카치브라이트,118
신년이벤트,114
홈스타그램,114
확실한,113
스확행,113
체험해보세요,113
가전스타그램,107
가로수길,98
ootd,97
집꾸미기,96
인덕션,94
서수경,91
아지트샵,88
소유진,84
주부스타그램,83
침대,82
셀피,82
한혜연,82
여름가전,79
육아,79
세탁기,79
바캉스룩,78
육아소통,78
에어컨,78
리조트룩,76
렌탈꾹,76
혼수,76
패션,74
엘지,72
냉장고,71
삼성전자,70
육아맘,69
팝업스토어,68
의류관리,67
♥,66
여름철의류관리,66
데일리룩,65
홈스타일링,65
부업,64
팔로우,64
lg,62
가습기,62
신혼집,62
전기레인지,61
daily,60
스타일러플러스,59
대가성광고,59
lg트롬스타일러,59
애드펌킨,59
비데,57
엘지스타일러,56
lg스타일러,55
육아스타그램,54
스타일룩,53
다이슨,53
안심가전체험단,52
정수기추천,51
수원맘,50
오오티디,50
유아옷쇼핑물,49
엄마그램,49
유아옷쇼핑몰,49
삼성_에어드레서,49
기화식가습기,49
부업스타그램,49
센스,49
워킹맘,49
이쁘옷,49
맨투맨추천,49
유아옷마켓,49
유아복,49
초음파가습기,48
스타일러렌탈,48
가열가습기,48
미니가습기,48
릴레이체험단,48
조지루시가습기,48
styler,48
청정기,47
선팔하면맞팔,47
__,47
이사,47
살림,46
신혼가구,46
신혼부부,46
다이어트,45
인친,45
일상스타그램,44
살림은장비빨,44
코웨이렌탈,44
리뉴메디,44
마켓붐,44
신혼,43
하우스그램,43
리뷰,42
주부,42
젊줌마,42
매트리스케어,41
행사초청_취재비지원by,41
lg전자,40
가구,40
의류청정기추천,40
트윈워시,39
애플,39
코웨이랜탈,39
침대렌탈,39
옷관리,39
침대케어,39
침실인테리어,39
침대랜탈,39
LG트롬스타일러플러스,39
감사합니다,39
맛스타그램,39
신혼가전,39
평택케어,39
공기청정기렌탈,39
평택침대,39
신혼집인테리어,38
LG트롬스타일러_미러,38
육아맘일상,38
결혼,38
우리집,38
패션그램,37
카페,37
삼성의류청정기,37
regrann,36
유아봄신상,35
직장인,35
퓨리케어정수기,35
노트북,35
코트,34
LG전자베스트샵,34
Repost@scotchbrite_official@get_repost,34
첫줄,34
에어드레서후기,33
무상제공,33
이마트,32
인테리어가전,32
보라,32
모션베드,32
follow,31
엘지트롬스타일러,31
딸스타그램,31
일렉트로마트,31
전자제품,30
청소기,30
살균,30
미세먼지필수템,30
스타일,30
관리,30
소통스타그램,29
김치냉장고,29
스타일리스트,29
럽스타그램,29
lg트롬국민체험단,29
홈데코,29
엘지트롬,29
선물,28
육아그램,28
프라엘,28
코디,28
코드제로A9,28
가전제품렌탈,28
블롬베르크,28
결혼준비,28
부산,28
f4f,27
대박,27
전자랜드,27
서울,27
새댁스타그램,27
진정한의류청정,27
필수템,27
매트리스,27
인테리어스타그램,26
e플루언서,26
의류,26
경품,26
fashion,26
애스타그램,25
방송,25
아파트인테리어,25
아이엠헬스케어,25
홈케어,25
가을데일리룩,25
인테리어디자인,25
하이마트,25
주부템,25
스타필드,25
모던인테리어,24
패션인플루언서,24
세계최초의류관리기,24
blomberg,24
육아템,24
키즈스타그램,24
플라즈마클리닝,24
김수현,24
신사동핫플,24
베이비스타그램,24
LG렌탈,24
문의,23
집인테리어,23
가을가전,23
위례,23
가을철의류관리,23
셀스타그램,23
pic,23
스타일러추천,23
셀카,23
가로수길핫플,23
얼음정수기냉장고,23
홈인테리어,23
음식물처리기,23
공청기,23
홍보대사,23
스타일러_미러,23
체험단,23
트루스팀,23
강남,23
웅진,23
드론,23
가구인테리어,23
퓨리케어공기청정기,23
베이비인스타,22
홈쇼핑,22
주말,22
고프로,22
예비부부,22
TV,22
피규어,22
LG가전,22
웨인스코팅디자인,22
슬라이딩붙박이장,22
소니,22
캐논,22
웨인스코팅가구,22
육아기록,22
생활가전,22
오락실,22
lg렌탈,22
남자,22
부부스타그램,22
스타필드위례,22
tv,22
냉난방기,22
패션피플,22
제습기,21
올레드,21
체크룩,21
마샬,21
집먼지진드기,21
원데이클래스,21
samsung,21
방꾸미기,21
진드기,21
모네블링,21
컬비,21
lgtromm,21
울산,20
초미세먼지뇌수막염,20
행사,20
팔로우이벤트,20
숙면,20
정시아,20
거실,20
육아대디,20
새집증후군,20
메트리스케어,20
아기,20
곰팡이,20
우리집에딱맞는전자제품,20
라이프톡,20
홈닥터,20
상도동악세사리샵,20
천식,20
렌탈상담,20
selfie,20
오브제,20
성대시장,20
아토피,20
슈퍼홈닥터,20
엘지퓨리케어공기청정기,20
트렌치코트룩,20
호흡기질환,20
네온룩,20
강추,19
분당,19
LG베스트몰,19
PC그램,19
인스타그램이벤트,19
인테리어소품,19
interior,19
육아는장비빨,19
모델,19
model,19
리그램이벤트,19
먹스타그램,19
패피,19
가족,19
마이크,19
렌탈가격비교,19
예비신부,19
코디스타그램,19
코웨이의류청정기,19
대용량스타일러,19
시그니처공기청정기,19
엘지베스트몰,19
LG전자판매명장,19
R9,19
건식신우나,19
힐링미안마의자,19
청담동,18
lgtromm스타일러,18
lg트롬건조기,18
골목,18
더월드샵,18
팔로워이벤트,18
회사복지,18
LG공식렌탈샵,18
뽀송뽀송,18
dailylook,18
라이프스타일,18
의류관리기추천,18
줌마그램,18
테크노폴리스,18
소통그램,18
직장인필수품,18
집,18
대구,18
경품이벤트,18
겔랑,18
Apple,17
건조,17
딸,17
파운데이션,17
가전은엘지,17
드레스룸인테리어,17
artist,16
choreographer,16
GS,16
강아지,16
tromm,16
dancer,16
이쁨,16
여자코디,16
브러쉬,16
원지혜,16
ineverexpire,16
애드펌킨사탕,16
LG전자렌탈,16
식기세척기,16
주부부업,16
안무가,16
airdresser,16
드라이,16
세일,16
블링블링,16
whatdoesmeanage,16
살림스타그램,15
coway,15
소통해요,15
엘지전자,15
옷,15
르썽씨엘,15
팔로미,15
커피,15
티비,15
가전렌탈,15
패딩,15
좋반,15
맛집,15
??,14
홈,14
화분,14
전신거울,14
화장대정리,14
에어드레서골드미러,14
lg공기청정기,14
데이트룩,14
LG퓨리케어,14
아이스티머,14
골드미러,14
iam1G,14
플스4,14
옷방,14
쇼핑,14
한남동,14
광주,13
포인트,13
인스타패션,13
2월추천상품,13
무상제공by,13
커플룩,13
1월추천상품,13
LG건조기,13
모집,13
엘지건조기,13
무빙행어,13
살림템,13
반려견,13
style,13
스타일그램,13
팔로,13
체험존,13
로봇청소기,13
코디추천,13
팔로우환영,13
oodt,13
인싸템,13
데일리패션,13
LG트롬건조기,13
선팔맞팔,13
퓨리케어,13
연수기,13
스팀,13
새댁,12
꽃다발,12
다림질,12
멋스타그램,12
임산부,12
홍보,12
렌터카,12
베이커리,12
스투키,12
꽃집,12
상조,12
세탁,12
플로리스트,12
거실인테리어,12
빈티지,12
스타일러미러,12
악세사리,12
출근,12
집들이화분,12
인생가전,12
커플,12
소확행,12
제네시스,12
일상룩,12
Repost@scotchbrite_official,12
AD,12
핫플레이스,12
체험단모집,12
개업화분,12
반신욕기,12
데이트,12
아들,12
냥스타그램,12
여친룩,12
잠실꽂집,12
jmt,12
국민체험단event,12
애드펌킨뿜뿜,11
dressroom,11
여행,11
오늘,11
데일리코디,11
입소문,11
냄새,11
instagood,11
회식,11
미세먼지안녕,11
삼청동실버전문매장,11
입주,11
homesweethome,11
헤어스타일,11
필수가전,11
lgtrommstyler,11
할인,11
인테리어그램,11
드레스스타일,11
seed925,11
얼스타그램,11
트롬스타일러플러스,11
금요일,11
간지템,11
seed925silver,11
인스타그램,11
instagram,11
갖고싶다,11
맞팔해요,11
렌탈뷰,11
아들맘,11
집밥,11
술스타그램,11
정수기렌탈,11
코드제로,11
감각,10
야경,10
마이셀즈,10
아이디어,10
inkorea,10
디자인,10
돼지막창,10
데일리템,10
마이홈,10
친구,10
스트릿패션,10
신상칼라,10
고양이,10
신경안정,10
애장템,10
아드레날린,10
jewelrydesign,10
주부일상,10
웨딩,10
나와어울리는,10
seoultrip,10
누아이템,10
초특가,10
핫템,10
맞춤가구,10
배변처리기,10
캔디칼라,10
일요일,10
맞팔환영,10
아침,10
창원,10
딱조아막창,10
최애템,10
특가,10
엑스코맛집,10
향수클래스,10
롯데,10
인형살균,10
2019,10
엄마,10
오오디티,10
home,10
팔로우그램,10
selca,10
엘지스타일러렌탈,10
일산,10
리틀페이지,10
먼지제거,10
광고,10
lg트롬,10
유니크패션,10
후기톡,10
뷰티,10
데일리그램,10
새댁일상,10
초벌구이,10
미스터3,10
좋아요반사,10
이쁘다요,10
칼라테라피,10
삼호동,10
퀄리티굿,10
뉴카인드프라이스,10
뷰티스타그램,10
유통단지맛집,9
딸바보,9
진주,9
구영리,9
삼산동,9
멋쟁이,9
퍼퓸클래스,9
사천,9
영업,9
남운프라자,9
남운프라자18층,9
달동,9
여성의류,9
빵스타그램,9
한우차돌박이,9
멍스타그램,9
호텔,9
로망템,9
점심,9
울산야경,9
울산타이라운지,9
샤워실완비✔️,9
미니워시,9
마산,9
냉장고렌탈,9
니트,9
울주군,9
주문폭주,9
베이비,9
자취방인테리어,9
타이마사지,9
리모델링,9
불금,9
울산핫플,9
닭발,9
신사동,9
키오스크,9
드라이기,9
lgstyler,9
공청,9
사은품,9
반려묘,9
커플룸✔,9
신정동,9
공업탑,9
먹방,9
데이트코스추천,9
lgtromm건조기,9
설날,9
휴식,9
개인룸✔,9
무거동,9
태국전통마사지,9
아소시에,9
주방가전,9
굴화,9
정장,9
운동,9
소독,9
단체룸✔,9
대형주차시설✔,9
초미세먼지,9
울산야경이쁜곳,9
울산대학교,9
신혼스타그램,9
스타일러주부생활,9
신정하이마트,9
아지트샵명실언니,9
전화,9
직장인부업,9
밥솥,9
할인이벤트진행,9
토요일,9
아로마마사지,9
전국배송,9
신복로터리,9
광안리,9
예비맘,9
타이라운지,9
주얼리샵,9
족욕기,9
레베럽코디,8
건강,8
전시상품,8
헬로우드림,8
잇템,8
선팔하면맞팔가요,8
유아신상,8
musthave,8
만능다리미,8
미세먼지최악,8
빨래,8
광안리호텔,8
거울샷,8
열풍다리미,8
드라이클리닝,8
힐링,8
바지칼주름,8
오피스룩,8
특허디자인,8
레이어드,8
교복,8
렌탈샵,8
르비앙,8
경주,8
아우터,8
겨울,8
광안리숙소,8
휴대폰,8
전시,8
미니멀라이프,8
육아맘부업,8
블랙틴트미러,8
굿모닝,8
홈스윗홈,8
매일매일씻어입자,8
부산정수기렌탈,8
엘지렌탈,8
롯데카드,8
다이슨청소기,8
하이브리드,8
운서역헬스,8
ad,8
베이비그램,8
쿠쿠,8
전신샷,8
직딩스타그램,8
오후,8
신상,8
리매료,8
깨끗,8
집순이,8
냄새제거방법,8
헤어,8
쇼파,8
guerlain,8
인더블드림,8
부산호텔,8
셔츠,7
전국,7
필수품,7
광안리호텔추천,7
청소,7
위시리스트,7
예맘,7
대명아임레디,7
케어렉스,7
슬림웨이브,7
헬리오시티,7
독박육아,7
인천,7
3개월면제,7
전통칫솔,7
블랙에디션,7
슈스스,7
대명상조,7
호캉스,7
기록,7
드럼,7
바이러스,7
주부생활,7
취준생부업,7
새해선물,7
핸디스티머,7
삼성가전,7
트롬스타일러라운지,7
블링,7
아지트샵로또,7
아들스타그램,7
딸맘,7
아동복,7
주부인플루언서,7
귀걸이,7
생일선물,7
인스타부업,7
광안리숙박,7
갤럭시노트9,7
isteamer,7
Repost@blomberg_kr@get_repost,7
대구맛집,7
감사,7
도치맘,7
블로그톡,7
믹스매치,7
네일아트,7
여름철의류관리기,7
삼천포,7
자취러,7
더베스트지성,7
하이라이트,7
Korea,7
가전은LG,7
대전,7
lg스타일러렌탈,7
리클라이너,7
예남매네,7
쇼핑몰,7
서면,7
목요일,7
첫눈,7
가전추천,7
장사는전략이다,7
안심가전체험단for,7
냄새제거,7
영종도헬스,7
여자,7
의류관리기렌탈,6
득템,6
약속,6
스카치브라이트@scotchbrite_official,6
스팀다리미추천,6
사랑해요엘지,6
무선청소기,6
오픈,6
부산호텔야자,6
다이와,6
가을,6
블랙,6
전자랜드프라이스킹,6
메이크업,6
침실,6
오늘의집,6
수원,6
여성복,6
피부관리,6
lg건조기,6
렌탈사은품,6
aram_home,6
아메리카노,6
엘지트롬건조기,6
믹서기,6
에어드레서리뷰어모집,6
칼주름,6
당첨,6
전기포트,6
지름신,6
케어솔루션,6
의류스팀기,6
고마워,6
전자랜드파워센터,6
good,6
혼수그램,6
패션왕,6
저녁,6
애정템,6
케어렉스안마의자,6
핸드폰,6
비즈니스,6
공기청정,6
키즈,6
신혼집꾸미기,6
패딩관리,6
모닝커피,6
A9,6
제품무상제공,6
직장인스타그램,6
엘지베스트샵,6
샤넬,6
신세계,6
전기그릴,6
헤어밴드,6
미세먼지관리,6
afrodance,6
집들이,6
효도,6
주부그램,6
특별사은품,6
likeforlikes,6
주방인테리어,6
도전,6
플스프로4,6
남해맛집,6
출장,6
극한직업,6
세균,6
전자랜드영주점,6
리빙,6
머리띠,6
핫핑크,6
온라인집들이,6
가전리뷰,6
회사,6
탈취,6
동탄,6
삼성닷컴,6
뿅,6
포토존,6
lgelectronics,6
플랙스워시,6
trommstyler,6
시밀러룩,6
제습,6
프레임,6
선물스타그램,6
스카이캐슬,6
의류청정,6
LGTROOM,6
주부모드,5
건강가전,5
데일리룩코디,5
streetdance,5
해밀턴비치,5
이유식,5
육아일상,5
개업,5
왕십리,5
헤어핀,5
예신,5
팔로우미,5
휘센,5
부탁해,5
화이팅,5
렌탈문의,5
복합기,5
혼술,5
프리미엄,5
삼성의류관리기,5
패션룩,5
테팔퀵스티머,5
엘지트롬국민체험단,5
크레인가습기,5
설,5
다이슨에어랩,5
조식,5
세탁기렌탈,5
롱코트,5
의류스타일러,5
밤,5
여행스타그램,5
세상의모든아침,5
롱패딩,5
의류건조,5
직수정수기,5
옷스타그램DD,5
감성,5
가족스타그램,5
LifeWithLG,5
냉수,5
여름패션,5
유아신발,5
남자들의놀이터,5
가방,5
DT8150,5
사랑해요,5
꿀하우스,5
뜨개질클래스,5
해운대,5
취향저격,5
OOTD,5
저녘,5
붙박이장,5
repost@blomberg_kr@PhotoAroundApp,5
에어드러서,5
패션인플루언서배사장,5
클린킹,5
사랑해요LG,5
코웨이정수기,5
팔로우환영💕,5
사랑합니다,5
부산여행,5
돈,5
마케팅,5
cat,5
일스타그램,5
주얼리,5
lg그램,5
영상,5
침실그램,5
IAM1GCHOREOGRAPHY,5
렌탈추천,5
논현,5
kbeauty,5
유아등원복,5
interiordesign,5
헬스,5
대명,5
라이브,5
제트에어,5
이지스팀백,5
황금돼지해,5
모닝큐티,5
패밀리룩,5
유아원피스,5
구매,5
건조기추천,5
세탁소,5
SK매직,5
국민체험단모집,5
다이슨드라이기,5
제발,5
l4l,5
일상기록,5
업소용냉장고,5
테팔,5
여름필수품,5
좋다,5
삼성건조기,5
무인키오스크,5
음식물쓰레기,5
신사,5
최유라쇼,5
LG베스트샵,5
러그,5
퇴근,5
출근준비,5
영화,5
공유,5
정리정돈,5
자켓,5
건강스타그램,5
beauty,5
큐브공기청정기,5
나인봇,5
새벽,5
Repost@imhealthcare@get_repost,5
화이트,5
육아필수템,5
잠실,5
뉴스킨,5
니트관리,5
진주맛집,5
적금,5
homedecor,5
네일샵,5
수납,5
봄신상,5
혼수준비,5
넘나좋은것,5
테팔다리미,5
__,5
스타일러는스타일러뿐,5
피아노,5
혼수건조기,5
동대문,5
수납장,5
이벤트그램,5
용돈,5
인사이트,5
작심삼일,4
instadaily,4
트롬곰인형,4
보험,4
먼지,4
s5bb,4
쇼핑몰창업,4
프랑스자수클래스,4
Guerlain,4
사계절필수품,4
웰스팜,4
일기,4
구찌,4
별내,4
칼주름관리,4
겨울옷,4
s5mb,4
8분만에변신,4
하이마트로가요,4
기본,4
봄옷,4
쇼핑캐스터,4
살균건조,4
family,4
초딩맘,4
남자스타일,4
주부잇템,4
송도,4
스타일핏,4
드롱기,4
주수사진,4
효자템,4
dressroom@granit_korea,4
건조기렌탈,4
granit,4
드롱기토스트기,4
2월호,4
미러스타일러,4
magazine,4
제작가구,4
granitway,4
욕실인테리어,4
신세계백화점,4
코드제로a9,4
탕진잼,4
셀프인테리어,4
대만족,4
대방노블랜드,4
이진호,4
경품행사,4
무빙,4
코디샷,4
통장잔고,4
이제,4
패셔니스타,4
신발,4
블랙미러,4
라라브레드,4
이쁘다,4
아지트샵추천멘토,4
겨울옷관리,4
땀냄새,4
영동도맛집,4
병점,4
휴일,4
옆모습,4
섬유탈취제,4
스타일러단점,4
LG스타일러렌탈,4
makeup,4
데이트준비,4
여주,4
영종도라이프,4
차스타그램,4
미녀,4
엘리사벳홈스타일,4
kimsoohyun,4
롯데백화점안산점,4
윤남택가습기,4
에어랩,4
장례,4
패션인플루언서몰디,4
직장맘,4
갖고싶다그램,4
고구마,4
베스트샵,4
LG스타일러_미러,4
교원더오름,4
그라니트,4
스벅,4
미세먼지필터,4
토크짐,4
애착인형,4
자랑스타그램,4
발렌타인데이,4
커피스타그램,4
헤어스타그램,4
스타일라운지,4
일상소통,4
짱짱,4
세상에모든아침,4
맥시멈라이프,4
렌탈대전,4
STYLER,4
우드브라운,4
엄마스타그램,4
homeinterior,4
이벤트응모,4
잘부탁해,4
❤️,4
남매맘,4
여성미,4
granitkorea,4
남편,4
애터미헤어스타일러,4
하남,4
korea,4
엄마일상,4
오후그램,4
옷장,4
내돈주고삼,4
탈취제,4
인싸,4
안심가전,4
옷장정리,4
의류관리법,4
요리,4
드롱기전기포트,4
안마,4
드라이크리닝,4
엘지트롬체험단,4
아기침대,4
LGTROMM국민체험단,4
아기스타그램,4
새댁그램,4
신남,4
8초헤어스타일러,4
최GO집,4
홍대,4
붕어빵,4
미녀스타그램,4
아지트샵채은맘,4
렌탈혜택,4
제품협찬,4
디저트,4
대명리조트,4
연휴,4
겨울코트,4
새집,4
영종맘,4
푸드스타그램,4
atomygram,4
공기,4
화욜,4
엘지그램,4
매일빨수없는옷,4
연예인패션,4
바쁜아침,4
최고집,4
시댁찬스,4
black,4
위니아,4
수요일,4
추천,4
밍크,4
커피머신,4
화이트인테리어,4
멋쟁이그램,4
삶의질향상,4
매일_빨_수_없는_옷,4
운서역맛집,4
atomy,4
드롱기커피머신,4
아줌마,4
롯데홈쇼핑,4
가죽자켓,4
새옷,4
핸드메이드,4
홈쿡,4
삼성전자@samsungkorea,4
옷정리,4
르썽씨엘파운데이션,4
알바,4
스칼렛그램,4
이쁘다💕,4
lg베스트샵,4
매일씻어입자,4
오산,4
광안리숙소추천,4
더리본,4
당일배송,4
아지트샵멘토,4
코웨이사계절의류청정기,4
전자랜드부산본점,4
주부놀이,4
집들이선물,4
자수클래스,4
상품권,4
사계절의류청정기,4
kimmm_bedroom,4
부산맘,4
__,4
여성스러움,4
아지트샵윤콩맘,4
요리스타그램,4
서재,3
뽀송,3
필수아이템,3
집들이음식,3
살균소독,3
긴머리,3
패션카테고리,3
디자인률,3
웰스,3
브랜드,3
남자머리스타일,3
건조기는,3
LG트롬스타일러라운지,3
유치원,3
99,3
리뷰어,3
5살,3
서울맘,3
맞벌이부부,3
최고급형,3
유로광고,3
누들앤로리,3
smartthinq,3
엘지케어솔루션,3
s3bf,3
인친그램,3
회사원,3
아파트,3
댕댕이,3
기본에_충실한,3
물걸레청소기,3
새식구,3
S3MFC,3
이벤트3,3
최고,3
다이렉트결혼준비,3
LG퓨리케어공기청정기,3
북유럽스타일,3
안경스타그램,3
임산부그램,3
행사초청_취재비지원,3
kupedance,3
김해,3
막창,3
리뉴메디@_kkomachouin__,3
의류가전기,3
에어팟,3
집사,3
완성,3
매거진,3
새해,3
묶음머리,3
이벤트코드,3
우리딸,3
수완지구,3
가로수길가볼만한곳,3
열일,3
열일중,3
일렉트로맨,3
아지트샵이유,3
상조가입,3
경제,3
집이,3
주일,3
현대백화점,3
리뉴얼오픈,3
옷냄새제거,3
지인찬스,3
워너비,3
8초만에히팅,3
큐티,3
청정,3
핑크,3
레이라그램,3
깨끗해져라,3
삼성디지털프라자,3
여수,3
다온스토리,3
셀프백일상,3
컴백홈,3
maisonkorea,3
거울샷그램,3
choreography,3
카페인충전,3
전주,3
조명,3
대명가전,3
취미,3
사고싶다,3
메종,3
제거,3
아웃핏,3
목욜,3
화장품,3
문의환영,3
쇼핑스타그램,3
설연휴,3
모피,3
아이방,3
현대큐밍,3
동탄2,3
트롬스타일러슬림,3
트로피칼룩,3
24시,3
잉크,3
까사리빙,3
모피코트,3
여유,3
귀스타그램,3
의류청정기렌탈,3
lifestyle,3
리빙스타그램,3
삼성에어드레서리뷰어,3
맑은공기,3
구김제거,3
온더테이블,3
가격오픈,3
가전지원,3
오산맘,3
원격제어,3
스타일러로_매일_씻어_입자,3
뒷모습,3
인스타마케팅,3
고급짐,3
설날연휴,3
티타늄안경,3
일상그램,3
부분공사,3
먹스타,3
노트9,3
LG정수기,3
모던,3
경영,3
뿜뿜,3
20190207,3
애터미IH헤어스타일러,3
서울여행,3
안마기,3
삼성에어드레서@samsungkorea@ggumigi,3
남해,3
귀요미,3
6세맘,3
신한카드,3
2019년,3
스타일난다,3
물티슈,3
출근전,3
wellforyou,3
생일축하해,3
돼지,3
먹방스타그램,3
부업문의,3
광주가구,3
190125,3
화요일,3
세젤예,3
머스트헤브,3
초보주부,3
afro,3
이케아,3
안경테추천,3
인스타,3
기대,3
동탄미용실,3
고마워요,3
백화점,3
LG미니워시,3
stoneisland,3
가족여행,3
좋은숙박연구소,3
시그니처백,3
미니스타일러,3
살림꾼,3
그랑데,3
안녕,3
빵순이,3
동탄맘,3
원목침대,3
육아정보,3
EENK,3
1등,3
원플러스원,3
맛있다,3
패션아이템,3
패션위크,3
미세먼지도,3
정월대보름,3
목돈,3
오늘만산다,3
패션블로거,3
동반자,3
인사이트비즈니스,3
kupechallenge,3
진해,3
20190129,3
벡스코,3
afrodaily,3
패션블로거쿠굥이,3
닌텐도,3
제습기능,3
응암동,3
마켓붐희야,3
볶음밥,3
청바지관리,3
14개월아기,3
마켓비,3
그레이스켈리,3
주거공간,3
친스타그램,3
명품,3
미세먼지야가라,3
오빠,3
향기,3
유튜버,3
취미생활,3
LG케어솔루션,3
lg스타일러렌탈추천,3
lg트롬스타일러플러스,3
남자머리,3
등원복,3
스타일리스트서수경,3
초보맘,3
네팅파우치,3
안양,3
인스타계정관리,3
삼성의류청정기@samsungkorea,3
LG통돌이세탁기,3
엘지퓨리케어,3
용인,3
eyewear,3
1월,3
뽀송뽀송하게,3
에어드레서이벤트,3
일렉트로룩스,3
인기게시물,3
트렌치코트,3
house,3
연예인,3
빨래방,3
이천,3
LG퓨리케어정수기,3
기모바지,3
렌탈어때,3
stylish,3
화성,3
셀렉타안경,3
굿나잇,3
암웨이,3
광안리해수욕장,3
루미스파,3
책상,3
lg전자베스트샵,3
푸드,3
결혼선물,3
패션인플루언서요미,3
런닝머신,3
결방,3
쪽쪽이,3
가벼운안경,3
집돌이,3
아이키커,3
피드,3
서비스,3
8분이면완벽세팅,3
육아일기,3
에어드레서@samsungkorea@ggumigi,3
스타일러후기,3
롯데하이마트,3
천연대리석,3
yeoju,3
styling,3
시작,3
시스템장,3
여주맘,3
뷰티인플루언서쿠굥이,3
허쉬,3
운동하는여자,3
닭띠맘,3
코웨이의류청정기렌탈,3
스타일러렌탈추천,3
개스타그램,3
lg렌탈어때,3
셀렉타,3
현대홈쇼핑,3
selectaeyewear,3
1,3
astar,3
selecta,3
댓글,3
weekend,3
황사,3
허밍_하우스,3
상업공간,3
현진에버빌,3
면도기,3
lg시그니처,3
조명인테리어,3
귀,3
재테크,3
대출,3
투잡아지트샵,3
스타일러체험단,3
EVENT,3
NG,3
NINO,3
40대,3
신대방삼거리역,3
통돌이,3
미세먼지가전,3
광주인테리어,3
아지트샵유비,3
소비요정,3
크루저,3
린넨블랙,3
clothes,3
의류관리기렌탈추천,3
pet,3
공동육아,3
정장바지,3
촬영@hyunha1219,3
삼성그랑데건조기,3
미세먼지꺼져,3
감성스타그램,3
패션인플루언서허수기,3
우드로즈,3
수다,3
입생로랑,3
__,3
ㅋㅋㅋ,3
남편이랑,3
정리,3
인스타홍보,3
4살,3
육아필수품,3
상조추천,3
주부구단,3
여신,3
스타일러@lgelectronics_kr,3
이태원,3
fashionweek,3
압구정,3
봉선동,3
친절상담,3
병점맘,3
대명사은품,3
삼성동,3
당첨기원,3
스타일리쉬,3
코웨이스타일러,3
생활맞춤컨설팅,3
20190212,3
여행에미치다,3
삼겹살,3
홍보업체,3
포항,3
afrobeat,3
afrobeats,3
운동화추천,3
카라쥬,3
운동화,3
렌탈파트너,3
꼬모스크린,3
마켓비인테리어@marketb.kr,3
today,3
비데렌탈,3
맛집스타그램,3
트롬스타일러미러형슬림,3
30대,3
가습청정기,3
보물,3
엘지스타일러렌탈추천,3
biz,3
조카선물,3
유머,3
테르비나크림,3
학동역,3
개이득,3
맘그램,3
의류가전,3
구매각,3
드레스,3
LGSTYLER,3
아로마시트,3
미세먼지필수품,3
장마철,3
삼성에어드레서골드미러,3
비앙코,3
패디큐어,2
부산미용실추천,2
저렴,2
himart,2
롱원피스,2
댄스,2
비,2
nightouttfit,2
친정찬스,2
이자녹스,2
세상에없던,2
골프레슨,2
제네시스g80,2
심각,2
골프,2
S5MB,2
씻어입자,2
공부,2
안경브랜드,2
예랑,2
렌탈픽,2
롯데월드,2
혼수추천,2
누렁이벽지극혐,2
발뮤다,2
의류공기청정기,2
다이슨스타일러,2
에어프라이기,2
친환경세탁,2
썸머스타일링,2
edition,2
방에꽉참,2
롯데백화점,2
코디북,2
마사지의자,2
삼성에어드레서리뷰어모집,2
백화점행사,2
강아지장난감,2
아리따움,2
잘,2
예비맘소통,2
girl,2
단한번의,2
네스프레소,2
씻어입다,2
공자,2
스타일러2019년도잘부탁해,2
셀프스타일링,2
공기청정기도,2
여행그램,2
플랜테리어,2
삶,2
살균효과,2
낮잠시간,2
ELECTROMART,2
운정맘,2
고급의류세제,2
IAM1G,2
리바트매트리스,2
girlcrush,2
바지칼주름관리기,2
상조보험,2
여자데일리룩,2
최악의날씨,2
동생찬스,2
아지트샵_밤이맘,2
최악,2
여자헤어스타일,2
엘지트윈스,2
오션월드,2
적외선살균건조,2
부업멘토,2
존맛탱,2
만기적금,2
갱주부스타그램,2
렌탈의여신,2
초기비용이_있습니다,2
테르비나LX,2
손님방,2
말티즈,2
__,2
연산동,2
CGV,2
wifi,2
outfit,2
평촌스파,2
청결,2
의류청중기추천,2
abyssinian,2
준오헤어병수,2
개냥이,2
181개_글로벌_특허_기술,2
미세먼지주의보,2
맥심,2
미러형스타일러,2
코트관리,2
세계최초의의류관리기,2
남주부,2
휴대용스타일러,2
f4follow,2
아직도,2
써보고싶다,2
신랑,2
붙박이장제작,2
초코덕후,2
송파구,2
앤스타일러,2
이불빨래,2
24시스크린골프,2
에어비앤비,2
업계최고,2
이제는,2
대구맘,2
shopping,2
매일매일,2
코엑스,2
스타일쉐어,2
부모님선물,2
베네피트,2
Reposty@scotchbrite_official@reposty_app,2
유아바지,2
belif,2
미세먼지공기청정기,2
한정수량,2
교원더오름엘라,2
크리스마스이벤트,2
Repost@leesoojeong0413@get_repost,2
지름신강림💳,2
퍼플유,2
룩말,2
슈퍼모델,2
출생신고,2
책장,2
헌옷,2
드레야우리집에쭉있어죠,2
할인행사,2
불닭발,2
다운로드코스,2
미세먼지나쁨,2
친구스타그램,2
스타일러_내마음속에저장,2
웅상점,2
뷰티블로거쿠굥이,2
롱블지기,2
진주귀걸이,2
잘쓰겠습니다,2
오전엔치과의사,2
아로마향,2
혜택,2
의상,2
새해맞이,2
아들바보,2
월요일,2
맛있게,2
리얼퍼,2
사랑해요lg,2
캐리어,2
빛나는피부여신,2
내보물,2
dyson,2
릴레이체험단@samsungkorea@ggumigi,2
무이자36개월,2
주부필수템,2
볼풀장,2
스토케,2
아지트샵우이맘,2
연년생육아,2
점퍼,2
역시,2
요괴메카드,2
시스타보라,2
칼주름름관리,2
단발머리스타일,2
오늘하루도,2
foodstagram,2
평촌피부관리실,2
남편스타그램,2
판매,2
광주출장,2
김대중컨벤션센터,2
보송함,2
천안,2
이쁨주의,2
트렌드,2
날씨,2
린넨관리,2
sneakerenthusiast,2
carharttxnike,2
여름바캉스룩,2
인생템,2
헤어스타일링,2
딸내미그램,2
남편찬스,2
평촌에스테틱,2
스팀샤워,2
육퇴,2
친절,2
주름펴주기,2
아이패딩,2
시루필터,2
효과적인,2
인천네일,2
뽑아주세요,2
청정기렌탈,2
아이패딩관리,2
스윗홈,2
넘버링백,2
dallasbloggers,2
airbnb,2
스무디,2
이벤트는개뿔,2
LG전자케어솔루션,2
사랑입니다,2
캐럿런드리,2
거울아님,2
며느리그램,2
우리가족건강,2
연결하기,2
슬라이딩,2
75인치,2
참석,2
꿀팁,2
인테리어가구,2
공기청정기능,2
엄마선물,2
셀기꾼,2
린넨,2
미세먼지꺼져👊,2
테팔퀵스티머액세스스팀플러스,2
백색가전의갑오브갑,2
대용량스타일,2
홈바이은정,2
핫아이템,2
플렉스워시,2
서면미용실추천,2
LGTROMM이벤트,2
장마대비,2
compositefiguresblog,2
갤럭시s10,2
가르마스타일,2
남자가르마펌,2
수지맘,2
스타일러특허기술,2
주세요,2
페브클린,2
트롬스타일러_미러,2
좋아요그램👍,2
빌리프,2
평촌마사지,2
가지고싶다,2
왁킹,2
투게더펀딩,2
와이프칭찬,2
동탄2신도시,2
안방,2
은평구,2
그랑데건조기,2
팔로그램,2
개업준비,2
맘,2
또봇,2
백조,2
유아슈즈,2
엘지전자베스트샵,2
필수,2
마미라뷰,2
사업자,2
fashionfilm,2
매연,2
화요일그램,2
화이트드레스룸,2
나이키그램,2
드세요,2
운동화코디,2
런드리,2
아산,2
photooftheday,2
장디터,2
피오레수에스테틱,2
보자기클래스,2
대명스테이션,2
돈쓴보람이있구나💶,2
강아지집,2
좋은글,2
대신,2
LgTromm,2
목동레니오미용실,2
점점,2
볼수록탐나네,2
대기오염,2
리안스핀,2
말씀,2
미세먼지극혐,2
이쁜네일,2
가족그램,2
비오는날,2
춘천,2
안방인테리어,2
붙박이장추전,2
우리집에너무잘어울릴듯,2
의류관리추천,2
마사지잘하는곳,2
갓지,2
리프레쉬,2
감사가넘치는,2
점심시간,2
투잡,2
소여사,2
입생로랑뷰티,2
오후엔애엄마,2
lg전자제품,2
__,2
파우더룸인테리어,2
초기부업,2
리뉴메디마스크팩,2
삼성건조기그랑데16kg,2
히트펌프,2
겨울코디,2
공인중개사,2
가전1순위,2
200일,2
아기장난감,2
이건사야해,2
양산,2
삼성동스크린골프,2
이삐식당,2
전문직부업인,2
서재인테리어,2
올백,2
스타일링보다어려운,2
아이폰xs,2
컷잘하는미용실,2
참여완료,2
인형뽑기,2
가전제품은LG,2
보쉬건조기,2
따뜻한커피,2
뉴트리션프리미엄크리닉,2
아이들,2
향수만들기,2
티셔츠,2
바지칼주름기능,2
컬러,2
인스타베이비,2
몽클레어,2
bb본부,2
뷰티그램,2
플라즈마크리닝,2
신혼그램,2
휴대용스티머,2
빨래먼지,2
바캉스,2
쉬즈미스,2
맘룩,2
스팀스타일러,2
롯데마트2층,2
인친스타그램,2
TROMM건조기,2
신문광고,2
공유해요,2
디자인컨설팅,2
thesweetesttaboo,2
동영상편집초보,2
친환경붙박이장,2
네트파우치만들기,2
옷관리기,2
일시불,2
led마스크,2
출산선물,2
방송협찬,2
상쾌함,2
20190213,2
주방,2
시그니처,2
니팅클래스,2
LG트롬스타일러_미러@lgelectronics_kr,2
스타일러는미러가이쁨,2
white,2
행사비지원,2
건조기는사랑입니다,2
airmax95,2
삼성디지털프라자은평본점,2
단발머리,2
event,2
청라국제도시빨래방,2
미용실,2
오빠랑,2
빌리프이벤트,2
위생,2
냠냠,2
주문,2
겨울네일,2
하이마트프리미엄,2
인터넷최저가,2
무엇이든,2
인생파데,2
스타일링클래스@lgelectronics_kr,2
일요일영업네일샵,2
아이폰,2
S3BFR,2
홍이장군,2
보조배터리,2
outfits,2
공간제습,2
놀면서일하기,2
전국가능,2
서면맛집,2
새싹이,2
전자기기,2
집게핀,2
남자머리추천,2
부동산전문가,2
일상공유,2
starbuckskorea,2
LG전자ㅡ,2
미러스타그램,2
보풀제거기,2
남자코디,2
아저씨,2
깔끔,2
아이디에프몰,2
요금면제,2
메가,2
칭찬,2
바디프렌드,2
서울패션위크,2
새해이벤트,2
강남스크린골프,2
엘지시그니처,2
idfmall,2
금테안경,2
빌트인,2
대구맛집추천,2
유해세균,2
맥북,2
인동에프엔,2
커피한잔,2
조향사,2
부모님찬스,2
좋아요그램,2
신난다,2
에어샤워,2
서면미용실,2
고기냄새,2
그랜드호텔,2
ysl,2
김해호텔,2
업스타일,2
korean,2
필라테스,2
텅장,2
미세먼지많은날세척,2
갤럭시,2
데일리픽,2
예승갤러리,2
시댁스타그램,2
shesmiss,2
가전제품욕심,2
운동처방,2
girls,2
간헐적단식,2
샤오미,2
bosch,2
냉온정수기,2
언제든지,2
남편생일,2
상담,2
코웨이공기청정기,2
TROMMstyler,2
미러,2
아지트샵메로나,2
Lg,2
lg매니아,2
양복,2
돌촬영,2
울신랑,2
필요해,2
토욜,2
침구관리,2
seoul,2
모델하우스,2
삼성에어드레서궁금해,2
리앰브레드,2
sponsored@lgelectronics_kr,2
후리스,2
테팔액세스스팀플러스,2
리뉴메디아쿠아밤,2
빛나는피부,2
생활용품,2
인스타이벤트,2
lgbestshop,2
사은품증정,2
연예인맛집,2
수납최고,2
20190131,2
킨텍스,2
최애가전,2
코스베이비,2
프로,2
hershe,2
아쿠아리움,2
7개월차,2
lg스타일러체험단,2
ㅠㅠ,2
줌마스타그램,2
당첨되면,2
메이크업아티스트,2
waackingchoreography,2
캣스타그램,2
용산,2
니아벡@niavc_official,2
외출금지령,2
수유맘,2
공주,2
배송중,2
샘송,2
생삼겹,2
hypebeaststyle,2
책스타그램,2
행운,2
제품추천,2
guelain,2
롯데몰,2
스판,2
유아단화,2
건강지킴이,2
가스렌지,2
koreanfoods,2
빨리와,2
황당,2
월플렉스,2
오늘도,2
굿,2
타일보수,2
s3mfc,2
쪼꼼실망중,2
주름,2
부엌인테리어,2
오늘의룩,2
회식후냄새,2
건조대,2
출근룩,2
씐나게,2
homeappliances,2
명절,2
スニーカーコーデ,2
김희선크림,2
구미,2
건조기필수,2
옷관리법,2
젤리캣,2
폐암의원인,2
스마트싱스,2
자매맘,2
두아들맘,2
풀스톤네일,2
저녁엔부업인,2
좋아,2
repost@scotchbrite_official@repost_scrap,2
yslbeauty,2
카페추천,2
장원혁팀장,2
服装,2
박준뷰티랩,2
평택,2
신상스타그램,2
생로랑,2
a9,2
중개사,2
selstagram,2
얼굴,2
지금까지이런맛은없었다이것은갈비인가통닭인가,2
청자켓,2
스타일러패딩건조,2
폭스,2
인테리어붙박이장,2
가전은역시LG,2
황금개띠맘,2
팔로미🙋,2
스타일러사은품,2
베르베르,2
가전제품추천,2
패션의완성은에어드레서,2
중기이유식,2
오늘의나와다음달의나와그다음달의내가힘을합치면못살것이없다,2
로봇물걸레청소기,2
기능,2
서수경스타일링클래스,2
달맘,2
잡지,2
마이클로젯,2
catsofinstagram,2
sneakerheads,2
상담문의,2
맘소통,2
갤러리붙박이장,2
문쭈부부,2
엄청큽니다,2
내집안의세탁소,2
생각보다,2
집정리,2
와인냉장고,2
미세먼지따위,2
옷스타그램일상,2
여름필수아이템,2
에어드레서리뷰,2
스마트띵큐,2
현대인들필수품,2
겨울패딩,2
부산미용실,2
공동구매,2
꿀잼,2
wiwt,2
외투,2
홈플러스,2
테팔엑세스스팀플러스,2
체험해보세요🙆,2
수원새댁,2
사랑해,2
나도,2
럽럽,2
휴대폰통신사도lg,2
살림템추가,2
김포,2
아비시니안,2
오징어볶음,2
쿠첸,2
sjhome,2
Style,2
agency,2
시스템가구,2
스타일러미러형,2
케어스테이션,2
젤네일,2
씨네드쉐프,2
나도갖고싶다,2
고고,2
전문직투잡맘,2
청정지역,2
hypebeast,2
올림머리,2
의류클리닝,2
개금주공아파트,2
패션스타일,2
더블유드레스룸,2
workout,2
예비맘일상,2
유행,2
할부노예,2
의류스팀,2
빨래냄새,2
menstyle,2
로리바,2
뷰티클래스,2
공감,2
큐밍비데,2
네일샵인테리어,2
소장,2
큐밍정수기,2
samsungairdresser,2
texasbloggers,2
부산숙소,2
다시신혼,2
vernisalevres,2
미세먼지대처법,2
임산부소통,2
yvessaintlaurent,2
보석함,2
조성진,2
관리하는여자,2
황금돼지,2
3년째같은생각,2
엄마사랑해요🙆,2
waacking,2
탐난다그램,2
운스타그램,2
S3WFS,2
갤러리장,2
체험,2
coffee,2
한국어,2
팔로우해요,2
입성,2
물세탁,2
맘스타,2
살림일기,2
환영,2
행복한,2
이천맘,2
트롬베어,2
미세먼지세안법,2
비키니,2
얼리어답터,2
직업적윤리의식투철합니다,2
outfitlayout,2
lg스타이러,2
양띠맘,2
이사준비,2
업데이트,2
칭찬해,2
시원,2
찜질방,2
유아티,2
걱정끝,2
가르마펌,2
공부방법,2
순수,2
여행필수품,2
미쁘다라인밍밍,2
bikini,2
인스타푸드,2
매일,2
렌탈헤택,2
happynewyear,2
리뉴메디곰라인,2
인천빨래방,2
연말정산,2
육아인스타,2
패션인플루언서도톨벼리,2
이벤트참여,2
직딩그램,2
깨끗한옷,2
에이스클럽,2
지금이야,2
준오아카데미,2
하객룩,2
catstagram,2
리스트,2
대입,2
메가스터디,2
오늘은,2
평촌역,2
삼성디지털프라자은평점,2
moncler,2
강아지이동가방,2
광안리호텔야자,2
옷방정리는언제하나,2
남편생일선물,2
뿌리는다리미,2
하늘,2
金秀賢@blomberg_kr@soohyun_k216,2
생일선물은,2
살림살이,2
오늘부터_의류_청정_시대_합류,2
통풍갤러리,2
테헤란로,2
남양주,2
혼수사전,2
항균,2
포지틴트,2
고급지다,2
잡지촬영,2
부천맘,2
집사람,2
팡팡마케터,2
레시피,2
헤어모델문의,2
スニーカー女子,2
알러지,2
경남,2
스탕달호텔,2
안산,2
no2,2
학동사거리,2
외출,2
베이지,2
옷냉장고,2
스타일클래스,2
현관,2
CHA태반연구소,2
혼인신고,2
빨래도사,2
brandnew,2
요즘,2
케어서비스,2
압구정스크린골프,2
산시부르,2
식세기,2
태초의생명력,2
디지털노마드,2
운동화건조기,2
헤링본,2
한샘키즈,2
fashionbloggers,2
데일리룩추천,2
나,2
k멤버스,2
현대렌탈케어,2
미세먼지타파,2
꼭당첨되게해주세요🙏,2
미세먼지를부탁해,2
부부,2
혼사남,2
결혼식,2
데일리룩스타그램,2
tefal,2
중딩맘,2
마포,2
주기적관리,2
눈물의누렁이벽지,2
역삼동,2
한샘,2
정리하자,2
출근길,2
아메리칸숏헤어,2
신문물,2
경남아너스빌,2
3달동안33개옷으로살기,2
Repost,2
고화질,2
project333,2
마사지,2
비글자매,2
스타일기본은깔끔한옷관리부터,2
쓰임,2
섬유향수,2
발렌시아가,2
혼자잘살기,2
블랙틴트,2
이쁜집,2
목동,2
lookingforlove,2
들이세여,2
겨울필수품,2
에스티로더,2
유기농,2
쇼호스트,2
lg스타일러_미러,2
랜선집들이,2
LG국민체험단,2
발렌타인데이선물,2
고급진,2
포인트네일,2
스타일러스,2
서래마을,2
아비시니안블루,2
tromstyler,2
dog,2
롯데월드몰,2
Styler,2
월동준비,2
치발기추천,2
관리하는남자,2
outfitinspo,2
65인치티비,2
사은품빵빵,2
전국맘,2
녹번동,2
남매스타그램,2
인생은레이라처럼,2
LGBESTSHOP,2
여름가전필수품,2
부산인테리어,2
쾌적한,2
빅사이즈데일리룩,2
LGstyler,2
프랑스자수,2
openevent,2
스타일윈도,2
딸둘맘,2
안양에스테틱,2
적응안되는누렁이벽지,2
sade,2
영화관,2
coexmall,2
목욜그램,2
송리단길,2
살림은아템빨,2
매트리스렌탈,2
인천서구빨래방,2
향기스타그램,2
LG스타일러사용중,2
바른부업_행복한삶,2
stylermagazine,2
사망각,2
송정,2
더예쁨@sujung.ko.7587,2
LGTTOMM스타일러,2
주부인플루언서리쿠,2
아기의자,2
해수욕장,2
들뜬타일보수,2
newyeargift,2
건강관리,2
내거울,2
집안일,2
건물주,2
거울,2
제네시스g70,2
쇼핑몰부업,2
주부9단,2
eat,2
마무리,2
남매,2
클래스현장,2
강아지산책,2
경기맘,2
봉봉댁,2
만두,2
진리템,2
1@yslbeauty@ysl@ysl_lovers@museeyslparis,2
갤럭시탭,2
스티머,2
시스템옷장,2
범계에스테틱,2
dancefilm,2
살림노하우,2
홈그램,2
공간,2
교원,2
맞춤붙박이장,2
대명라이프웨이,2
옷은_뽀송_마음은_상쾌,2
감성사진,2
동영상편집,2
리바트,2
파운데이션추천,2
stylishgirl,2
추억,2
기본옵션,2
살림장만,2
스티커,2
like,2
모던하우스,2
카톡,2
신혼여행,2
렌탈시대,2
큐밍,2
스타일러말고이사가자,2
구월동네일샵,2
기내식,2
유팡소독기,2
시스템행거,2
육아인스타그램,2
imhealthcare,2
육아맘그램,2
하루,2
개금동,2
얼음정수기,2
천사,2
깨진타일보수,2
바디프랜드,2
S3RER,2
브라운도트,2
교원더오름노블레스팀,2
ねこ,2
쿡스타그램,2
펌웨어,2
지지,2
신사동가로수길,2
파데추천,2
ISAKNOX,2
스톤아일랜드,2
서수경스타일리스트,2
위닉스,2
마스크팩,2
koreangirl,2
퓨리케어_공기청정기를,2
직장인투잡,2
공기청정까지,2
소통해요🙌,2
부평네일,2
퍼퓸향수,2
해밀턴비치이지스팀백,2
청담동스크린골프,2
바이러스코스,2
가구그램,2
미쁘다라인,2
ksh,2
말끔한,2
ㅋㅋ,2
악마캠프,2
택배왔어요📦,2
아브언니일기,2
청담꼬모스크린,2
행사초청_취재비지원_by엘지전자,2
신년감사선물,2
육아데일리,2
간석동네일,2
악세사리그램,2
여자머리,2
__,2
큐밍공기청정기,2
냉동고,2
스타일코디,2
여주사람들,2
테르비나LX크림,2
사계절,2
영화스타그램,2
starbucks,2
준오헤어,2
향균,2
강남역맛집,2
JUNOHAIR_,2
범계,2
pink,2
핸드스타일러,2
주부는장비빨,2
Ad,2
스팀세탁,2
JUNOACADEMY,2
건조기후기,2
삼진어묵,2
2018FW,2
구월동네일,2
스톤네일,2
housegram,2
준비,2
설빔,2
사내커플,2
raenggu_home,2
__,2
안티에이징크림추천,2
패션인플루언서리쿠,2
스타일북,2
배송,2
쓰시나요,2
lgtrommstylerlounge,2
닭띠아기,2
최고가전,2
스피커,2
눈오는날,2
드레스퍼퓸,2
insta,2
전기렌지,2
여름철옷관리,2
프렌치네일,2
물욕,2
아지트샵리프,2
필템,2
바른부업_빠른성공,2
만족,2
이번생은처음이라,2
블루투스,2
스타일지존,2
곱창,2
미역국,2
yslVernis,2
건조기14kg,2
보기,2
항상새옷입는기분,2
세탁비,2
블루버드,2
삼성에어드레서체험단,2
listkorea,2
부담없는전기세는신세계,2
사연많은인테리어,2
가전은역시엘지,2
소장각,2
사랑,2
셀카스타그램,2
자취방꾸미기,2
큐빅,2
cgv,2
고급,2
참좋은세상이야@lgelectronics_kr,2
jeanjacket,2
요금할인,2
살림그램,2
청라빨래방,2
주얼리그램,2
SKY,2
네가있어참좋다💕,2
삼성건조기그랑데,2
라뷰티코아서면점,2
안녕하세요,2
혼수용품,2
메가랜드,2
생활가전렌탈,2
인증샷,2
싱기방기,2
청정제습기,2
음식냄새,2
미니건조기,2
건조중,2
월풀욕조,2
미세먼지안녕👋🏻,2
공부하는,2
valentineday,2
LGTROMM스타일러@lgelectronics_kr,2
성장마사지,2
전자제품은_전자랜드,2
미묘,2
LGTROMMstyler,2
안성,2
미세먼지코스,2
유모차추천,2
룩말project333,2
팬츠,2
전기료,2
20대,2
주방가구,2
운동화세탁기,2
니모와민구리,1
가전제품_싸게살땐_하이마트로_가요,1
일상사진,1
우리집새가족,1
이렇게늙어갑시다,1
신나지요,1
며느리룩,1
단짝,1
저리,1
주부생활잡지활영,1
조아조아,1
미세먼지보통,1
쓰면쓸수록,1
매거진화보,1
20190208,1
이번주는,1
나이키앰부쉬,1
며느리사랑은시아버지,1
화장품덕후,1
많아요,1
유학생,1
술한잔,1
한번입은옷,1
매일새옷입는느낌,1
cooking,1
이동휘멋있다,1
간장게장,1
패킹작업,1
100일촬영,1
얼음냉장고,1
김광석거리,1
4차산업혁명,1
어이없네,1
완전뿌듯,1
법원,1
겉기모원피스,1
가전제품렌탈샵,1
바디스타그램,1
자율주행,1
생존템,1
빌트인냉장고,1
glasses,1
우정,1
애견한복,1
가전제품은역시엘지,1
아주동,1
프리스타일,1
아내의비애,1
수익,1
새해지름,1
청경,1
나의소피,1
리듬좀타는남자,1
인천청라2동점,1
리뉴메디@_ine2__,1
패브릭,1
드리리다,1
쇼핑그램,1
방에전신거울생김,1
휘동이선물,1
손없는날,1
광안리갈만한곳,1
엄마밖에없다,1
s3mf,1
맛집👍,1
2시간째,1
제습됨,1
제일좋은점,1
비웠으니채우자,1
잠옷,1
있는날,1
너와의모든순간이소중하고행복해,1
20190203,1
크로마이트커피,1
일렉트록스,1
곱,1
눈사람,1
타임세트,1
내가더사랑해,1
올백머리,1
2019트랜드,1
le17septembre,1
드럼세탁기,1
가전청소,1
상록수역,1
빨리,1
사업아이템,1
끝,1
신랑추천,1
가을코디,1
베이비장,1
강원도,1
neko,1
딸내미,1
당장주문ㅋㅋ,1
발레,1
리프래쉬,1
삼전동타일보수,1
바이러스꺼져,1
방출예정,1
AS309DPA,1
전화한통이면렌탈가능,1
테팔핸드형다리미,1
아기보행기,1
외박이좋은_,1
좋은날의책방,1
황금개띠딸,1
엄만부럽다,1
나만의가방,1
거제도,1
egg,1
모자스타그램,1
장현진,1
추진력쩌는남자,1
부산왁싱잘하는샵,1
친구동생,1
snikers,1
전통놀이,1
딸기,1
넘나좋은고👍🏻,1
범보의자,1
아직어린애인듯,1
북광장미용실,1
스타일러클래스,1
안밖케어,1
매트리스커버,1
예쁨,1
기장,1
생후100일,1
주문제작,1
엘지_스타일러_슬림,1
김천,1
언니포스,1
세뱃돈,1
직장인그램,1
롱무스탕,1
필요성,1
정장출근,1
christmasgift,1
퇴근후저녁,1
설리반,1
많은남자,1
girlish,1
예쁜선글라스,1
애교냥,1
새해다짐,1
저온제습건조,1
대치본점,1
데님,1
Repost@hyeny_jeon@get_repost,1
공기청정기는물론,1
협찬문의,1
젊줌마소통,1
주부벼리,1
갤럭시s10사전예약,1
뽕뽑자,1
향스타그램,1
결제수수료,1
lg트롬스타일러국민체험단,1
최애커피,1
지루하다,1
아기옷공구,1
겟,1
차홍고데기,1
홈드라이크리닝,1
정장관리,1
삼성드럼세탁기,1
유해물질,1
먹방찍은주말,1
구찌벨트신상,1
여봉봉,1
소원,1
삼성스타일러,1
당첨시켜주세요,1
무생체맛집,1
육회,1
힘이되어주는사람,1
짝두,1
왔업🤗,1
가로수길핫플레이스,1
확실한행복,1
내코트,1
bnk,1
존맛,1
게임점수로,1
키가작아도기장이긴걸로👌🏻,1
필수가전제품인시대,1
꿀잠고백,1
thisiswhatiwant,1
아기신발,1
집은작아도,1
에어드레서코트룸,1
여자아기,1
감사합니당💕,1
김포공항,1
짐줄이기,1
고양이옷,1
렌탈혜탯,1
허짱세탁소,1
헬스타그램,1
stylist,1
미세먼지와의전쟁,1
ㅋㅋㅋㅋㅋㅋ,1
위스키,1
새해소망중한가지를이룸,1
꿈나무,1
써보니좋아요,1
이벤트중@scotchbrite_official,1
비염,1
행복한진주댁,1
10시부터금식,1
방,1
살균건조최고,1
아줌마그램,1
힘이나는오늘입니다,1
투숙객전용,1
가보고싶은곳,1
베스트드레서X에어드레서,1
놀이터,1
집사스타그램,1
아이돌인형옷,1
젤,1
아가씨,1
JIBS웨딩박람회,1
JUNOWORKSESSION,1
마포곱창,1
응원영상,1
캐나다한국쇼핑몰,1
미니멀리즘,1
호텔더솔,1
hermanmiller,1
셀프스탠딩,1
서부출장,1
W요가,1
캐비어,1
몽클레어남성자켓,1
신길맛집,1
맛나게먹자,1
❤,1
라이플페이퍼,1
개개인맞춤교육,1
이어폰,1
40평대인테리어,1
자취생필수품,1
강남인류_라이프스타일,1
정성듬뿍,1
피터드러커,1
발판,1
입주전,1
카페인테리어,1
실버_끼리,1
필수가전템,1
추천이벤트,1
드라이비좀굳으려나,1
정수기할인,1
512일,1
무한,1
붙는귀걸이,1
제품구성,1
뷰티템,1
스팀뿜뿜,1
중문,1
쏘렐,1
민아꽃이피었습니다,1
경기도광주미용실,1
기해년,1
겨울엔빨래더안마르는데,1
하남미사강변,1
부천놀자,1
__,1
쥬다르,1
너무싫은비염,1
국내최초의류건조기,1
안했으면후회했겠지,1
3,1
유아동복쇼핑몰,1
엘지스타일러S5MB,1
냄세제거,1
사세요두번사세요,1
파크랜드,1
립스틱,1
고양이사진,1
넘나이쁜것,1
내가좋아하는,1
내가양보할게요,1
예비맘스타그램,1
강아지원피스,1
직딩맘,1
꿀주말,1
강아지팬션,1
음식그램,1
삼성에어드레서렌탈,1
앞으로잘부탁해,1
보험설계사,1
국립대구박물관,1
이번엔,1
자기야,1
yunastyle_beauty,1
Repost@imhealthcare,1
PiggyBank,1
덜가겠지,1
육아휴직,1
오예진,1
제이컴퍼니,1
빅토아르,1
직장인의일상,1
재채기,1
school,1
스타일러하나로겨울아우터관리끝,1
베개,1
강력한절삭력,1
고마운내동생,1
퍼가,1
다이슨에어랩스타일러컴플리트,1
최상의서비스로,1
부업시작,1
항상내가먼저인,1
계약완료✔️,1
연산롯데캐슬데시앙,1
좋구만💕,1
트롬곤조기,1
후기,1
나도느껴보자,1
쿠쿠밥솥,1
제이앤보설날,1
롱패딩관리,1
가전체험매장,1
가전문의,1
유머짤,1
장문,1
브랜드미팅,1
라돈,1
20190126,1
20190124,1
투고쿠션,1
월풀도있음,1
40,1
허전해,1
벽선반설치,1
옷걱정,1
ㄱ,1
임부복쇼핑몰,1
20190117,1
올겨울최고추위,1
홈뷰티,1
LG스타일,1
김장훈신곡,1
미니,1
늘강력으로다가,1
20190114,1
바이럴톡,1
신부관리,1
남성,1
20190112,1
필수템💕,1
건조기는시댁행,1
트렌디,1
자낳괴,1
건조기무료,1
가전제품_싸게사는팁,1
악마,1
아가,1
먹자그램,1
4대장,1
재니쓰홈,1
노브랜드,1
휴롬착즙기,1
숙소도착,1
인정받는멘토,1
아트월,1
숙소그램,1
일개미,1
메디큐브,1
스카치브라이트정전기청소포,1
앗싸,1
__,1
팔로우백,1
신도세기판교,1
진심,1
osmomobile2,1
좋아할건데,1
2018fw,1
반려견스타그램,1
돌아가라그램,1
미세먼지가,1
올블랙패션,1
판교맘,1
참여해보자,1
장조림,1
이것이정답,1
센스있는선물,1
남동구,1
아직할부가끝나지않은녀석,1
강사멘토강단이,1
france,1
LG전자건강관리가전,1
렌탈이벤트,1
처음과끝이다른멘토,1
그램노트북,1
환절기,1
하이마트로와요,1
캐나다유학,1
27세,1
열펌잘하는곳,1
가정되세요,1
코웨이애기엄마,1
부업맘,1
형아한테배워,1
allblack,1
역시강남,1
왕창샀다,1
모니터,1
에이치샵,1
스케일,1
NUSKIN,1
다이슨빠,1
에어드레서리뷰어,1
LG코드제로R9@lgbestshop_official@lgbestshop_official,1
아쿠아밤앰플,1
겨울외투관리,1
똠양꿍,1
tetrasoap@allen_is_yu,1
월동쿠션,1
코웨이렌탈문의,1
할머니,1
lg임직원할인,1
시메오,1
여드름압출,1
100년근속,1
더채플앳청담,1
리미티드에디션,1
lg미니세탁기,1
예신예랑,1
트롬세탁기,1
짱편함,1
열심히할께,1
패션템,1
가전은하이마트,1
점심약속,1
스튜어트와이츠먼부츠,1
밍크목도리,1
반려동물,1
신랑최애템중하나,1
스타일로그,1
아이폰xs케이스,1
ok저축은행,1
갓엘지,1
삼성공기청정기큐브,1
전원주택,1
세젤귀,1
현관옆,1
bodycheck,1
StarbucksPiggyBank,1
보라너무예뻐,1
완전잘어울림,1
쿠션커버,1
이달의소녀,1
블루투스스피커,1
이사가면,1
가격도착한맛집,1
잘써보자,1
우대혜택,1
놓고싶다,1
스파이더,1
경산옥곡동요가,1
중형차,1
dailystagram,1
웃긴짤,1
힐링취미,1
하유니엄마,1
잘따라와주신후배님들감사합니다,1
다리미추천,1
건조기에이은,1
짐놔둘데,1
비숑프리제,1
밥먹고빵먹고,1
녹사평카페,1
가로수길맛집,1
교육부터탑,1
대구아파트인테리어,1
건강관리가전,1
고궁,1
펜트리,1
합리화중,1
오라버니선물,1
조르지오아르마니,1
lg스타일러@i_am_anda_,1
crispyweather,1
친절하고,1
강림,1
돈들이기나름,1
다음에,1
왕부담,1
철거,1
맛있으면0칼로리,1
금토만오픈,1
함께해요,1
공모전,1
옷방완성,1
건조기는엘지,1
스타일러무료,1
부동산,1
테스트중,1
완전박멸,1
1박,1
깜찍발랄,1
미니다리미,1
JMW,1
향기굳👍,1
4월14일결혼식,1
더예쁨,1
발장난👣,1
이제부터긴축재정,1
안성글라스박스,1
썬글라스,1
americancockerspaniel,1
mellowdesign,1
자딕앤볼테르,1
올리브영,1
패키지디자인,1
아들랑구,1
이쁘다그램,1
무풍,1
수성구인테리어,1
대구핫플,1
부럽다,1
나에게도없는,1
용산미용실,1
아껴줄게,1
미러슬라이딩붙박이장,1
풀옵션,1
LG디오스인덕션,1
여기어때,1
동시다발적,1
빨래도사의,1
어등산cc,1
김해핫플,1
삼성닷컴할인코드,1
건프라,1
김해국제공항,1
어머님_이스타일러를_집에_꼭_들이십시요,1
내취향집만들기,1
고기냄새를부탁해,1
성장기록,1
울,1
숙소,1
우리집가자,1
장기렌터카,1
차돌삼합💕,1
일상의기록,1
제트스팀,1
남성재킷,1
웰빙,1
하루종일풀가동,1
거실이좁다,1
홍루이젠,1
건조함,1
녹색채소,1
이게팩트,1
탄디자인,1
대용량건조기,1
교원더오름아로미,1
광주송정역호텔,1
lg건조기😆,1
귀여워,1
현모양처의길,1
재미진인생,1
유아세트복,1
바쁘구나,1
마구마구,1
연구,1
koreanfashion,1
천,1
백곰옆에흑곰,1
나는신문으로돈의흐름을파악한다,1
okgoogle,1
코트패딩,1
각각따로사서,1
pc,1
야식그램,1
기분전환,1
휴무끝,1
방수커버,1
사진작가,1
번짓수잘못찾으신듯,1
블루,1
야근비,1
대구카페,1
제페토스타그램,1
제주도여행,1
블로그마켓,1
간절히원한다그램,1
좁네요,1
남자립밤,1
2019년목표,1
실내제습도되네,1
탈취효과,1
스타그램,1
IoT,1
kitty,1
거금지출💸,1
Repost@scotchbrite_official@repostsaveapp,1
DM,1
formynewhome,1
이불그만털고싶다,1
내일부터굶어야지,1
예신이,1
밀착솔파운데이션,1
명절선물,1
g마켓,1
위닉스공기청정기,1
맞팔백,1
복부관리,1
한방,1
헤어디자이너,1
유기견입양,1
금손,1
푸짐한혜택,1
김선생,1
경산운동,1
창원시,1
강추가전,1
배고픔,1
겨울데이트,1
아,1
인천논현피부관리,1
세상에없던의류관리기,1
미국유학생,1
인테리어디자이너정은주,1
누구와함께하는지가중요해요,1
웰스공기청정기,1
엘지체험단모집,1
추전가전,1
광양,1
뱅앤올룹슨,1
의류관리기케어,1
신생아,1
꼭갖고싶습니다,1
금정구,1
cube,1
초보전문멘토,1
새벽에도열려있는멘토,1
세상행보쿠,1
바쁜,1
스타일링팁,1
좋은아빠,1
특실,1
왕창주세요,1
이나영마스크,1
오늘은먹자,1
신형차,1
전신관리,1
코막힘,1
스타일러라운지에서,1
김포한강,1
고양이화장실,1
애미야옷방청소는이렇게하는거란다,1
스프링룩,1
소품,1
옛날아우내순대,1
안비밀,1
도라에몽,1
빠빠이,1
원조,1
S5BBR,1
오늘부터_열일부탁해,1
목걸이,1
mg,1
스타일러계,1
전적으로,1
별내카페,1
남편@kangbyungchul_,1
밍크베스트,1
동원참치,1
우리옷을,1
진짜고맙,1
lg건조기체험단,1
더블유디자인호텔,1
유학스타그램,1
아지트샵예인,1
나데려가라,1
김주영선생님,1
서울행,1
다림질걱정끝,1
목동맛집,1
실용주의,1
중고가전,1
마산신세계,1
레이어드컷,1
추천룩,1
웃음만나온다,1
발레리나,1
니자리에,1
오페라케이크,1
방배피부관리실,1
어제,1
터닝포인트,1
드레스퍼퓸만들기,1
골드테라피,1
프로필링크클릭,1
개미의일생,1
이승윤,1
파인애플볶음밥,1
돈놀이,1
민폐,1
간만에효도르,1
웅진스타일러,1
RD01C,1
뽑아주thㅔ요,1
levis,1
제주신혼부부,1
육아공유,1
디오스4도어,1
빨래방에서,1
플러스,1
새해복많이받으세요,1
숙박,1
쇼호스트이은영,1
의류관리의,1
헤어스타일링기,1
가는데순서없다,1
차만받으면돼냐,1
물고기,1
영상제작,1
제습청정기,1
중요한거,1
엘지렌탈천안,1
관공서,1
교원더오름스텔라킴,1
근데주름하나도안펴지는거실화임,1
세상좋다,1
채움,1
워커홀릭,1
동성로,1
랄라블라,1
에스콰이어,1
모르고살았음,1
상록수,1
와이프,1
토끼같은동동이,1
상쾌하다,1
학부모,1
구경,1
망,1
최고야,1
경산요가,1
점심스타그램,1
에르메스켈리,1
맛,1
겨울보습,1
아가사랑세탁기,1
중국미세먼지😷,1
신혼집입성,1
하트꾹,1
테팔DT8150,1
빨간펜,1
뒹굴뒹굴,1
연휴도끝,1
金秀賢,1
겨울되니,1
아지트샵쏘양,1
이제미세먼지좀털고,1
굿밤,1
수욜,1
영양제는,1
오예,1
느낌적인느낌,1
봄이오나봄,1
시즌1부터,1
그래도커,1
블루아이드보이,1
예뻐요,1
엄마고마워,1
다이어트간식,1
실내미세먼지,1
한샘프리미엄슬라이딩도어,1
에어드레서vs스타일러,1
오스트리치,1
테드인형,1
거울달린,1
동래,1
보이는것마다다에어드레서로,1
G마켓,1
역시가전은엘지,1
이쁜토깽이,1
309,1
내얼굴보다큰,1
죽었네,1
코덕,1
옷케어,1
문화충격,1
눈부음주의👀,1
아들사랑,1
오그라듬주의,1
테팔토스트기,1
워시엔조이셀프빨래방인천청라국제도시점,1
스타일러👍,1
유이앰플,1
상의,1
이런_스타일러는_스타일러_뿐이니까✨,1
남자패션코디,1
역곡역,1
오징어땅콩,1
매우인정,1
금요일화이팅,1
조명거울,1
컴포즈,1
소비가소득,1
마마무,1
경품1등,1
설날선물,1
임보일기,1
정말현실적인,1
오라버니찬스,1
HairDryer,1
베베왁싱,1
일,1
이맛에키우지,1
믿고쓰는,1
LED마스크,1
쒼나게,1
펫팸족,1
자석칠판,1
clothingmanagement,1
삼성_에어드레서@samsungkorea@ggumigi,1
인천피부관리,1
뿌리미,1
마이너스의손,1
스타벅스기프티콘,1
홈스타일러,1
프로바이오틱스키즈,1
육아소통환영,1
신제품,1
잘놀고,1
카카오톡,1
스타일러체험라운지,1
미디움,1
__,1
보풀제거기소환,1
신난다그램,1
치킨,1
정수기필수,1
제품영상,1
livingroom,1
electronicequipment,1
clothesdryer,1
격하게갖고싶다,1
LG프라엘,1
fashionist,1
redlovers,1
내옷은소중하니까,1
다양한,1
늘열일하는,1
미세먼지비용,1
주름이,1
또르르,1
너무좋다그램,1
가전필수템,1
s3wfs,1
사바나캣,1
뽀글이자켓,1
대우전자,1
fashionshow,1
junoworksession,1
매출증가,1
Repost@Regram_ed@lgelectronics_kr,1
별내맛집,1
홈케어닥터,1
육아맘소통,1
솜사탕이불,1
대표님짱,1
타조,1
룸메이트,1
발싸개,1
아기세탁기,1
꼴뚜바우,1
동물스타그램,1
아쿠아밤,1
신용카드,1
의상은온에어,1
기대해,1
멋짐,1
셔츠주름,1
하이마트직원,1
부디,1
경산백천동요가,1
구겨진옷을펴보자,1
뜻밖의,1
마산에스테틱,1
내인생내것,1
교육자료,1
금천구,1
박원갑,1
LG호구,1
경험해보세요,1
2세,1
건조기는사랑이라던데,1
인생멘토,1
복세편살,1
아뜰리에김가,1
앤스타일러브이로그,1
猫スタグラム,1
건조기능,1
맥시멈라이프의길,1
주부라이프,1
경성대,1
설치만하면완벽,1
불면증,1
frequenttraveler,1
N4L의류관리기,1
전신거울이다,1
뽀숑뽀숑,1
히터,1
케시백,1
더더할인해주세요,1
엘지스타그램,1
스탠딩다리미,1
지름스타그램,1
빈티지룩,1
lg트롬국민체험단모집,1
주부인스타그램,1
있음좋고,1
단타,1
박람회,1
보람동네일샵,1
lg스타일러플러스,1
아우내순대,1
결혼가전,1
백일촬영,1
위생적,1
인친소통,1
24시간스크린골프,1
airwrap,1
폭신해,1
히뚜히뚜,1
브랜드컨설팅,1
led,1
윷놀이,1
아기용품추천환영,1
블랙팔찌,1
모던룩,1
진실소통,1
스카치브라이트올터치더블액션막대걸레,1
가즈아,1
슬램덩크,1
하원하고일거리한개추가??,1
????,1
루이비통,1
청소요정,1
셀럽스타그램,1
시장조사,1
일상픽,1
잎쳐진,1
생일밥상,1
sphinx,1
알토호텔,1
동백점,1
세탁비도덜들구,1
좋은데귀찮음,1
2월6일생,1
아기옷살균,1
アビシニアンブルー,1
북변,1
프라다,1
촬영중,1
탐내시는,1
외동딸,1
흡연부스,1
힙키즈,1
스카치브라이트스확행,1
순천맘,1
kitten,1
브라더매운갈비찜,1
LifeWithArt,1
우리커플에게,1
스타벅스저금통,1
Beauty,1
자매스타그램,1
이쯤되면,1
그런데도,1
빠숑,1
정은주,1
냉장고에서사망하심,1
여수밤바다,1
특허기술,1
여자머리스타일,1
올겨울어떡하지,1
일산카페,1
내일,1
페이크퍼자켓,1
hotelfebruary,1
에어드레스,1
좋은세상에산다,1
쉼,1
성실하게,1
없나,1
lg가전,1
공간활용,1
오늘의지름,1
혁신적인올인원의류관리기,1
복정동새댁,1
스니커즈,1
냄새뿜뿜,1
아기로션,1
엘지가전,1
목표달성그날까지,1
샘플,1
신년모임,1
심플해,1
대학생부업,1
다이슨전제품,1
이치란라멘본점,1
홍성미용실,1
이색호텔,1
앉아서찍고싶었,1
기쁘다,1
연수,1
비북스,1
말라깽이딸,1
원룸인테리어,1
신관,1
SOCKS,1
싱크대,1
여름은,1
취미미술,1
이벤트참여@scotchbrite_official,1
축적,1
쇼핑생활의_자표를_찍는다,1
전국설치,1
질문,1
친절한회사,1
스토케익스플로리,1
모두들,1
감기,1
나이키룩,1
애플워치4,1
스위트룸,1
안뇽👋,1
LG가전몰빵,1
외식하고,1
따로,1
전포부영사랑으로,1
직원복지,1
통큰선물,1
fashionable,1
졸업생,1
뜨뜻,1
러브엘지,1
친친모임,1
굴,1
건축시공,1
설선물추천,1
koreanmodel,1
이영서발레아카데미,1
홈웨어패스,1
stylerlounge,1
히피펌,1
가죽,1
무안공항,1
주세요😉,1
먹부림,1
무실동,1
여성숏컷,1
LGTROOM건조기,1
명지스위트팰리스,1
흐아압,1
외부공기청기능,1
Repost@casaliving@get_repost,1
총판센터,1
이른저녁,1
오늘따라,1
배송은오래걸렸지만,1
하나로는부족한듯,1
소독하기,1
즐겁게일하기,1
링클프리,1
사용가능,1
leatherjacket,1
1661,1
요염한챠니,1
복층오피스텔,1
조끼코디,1
하얀집을꿈꾸며,1
능력치,1
일살,1
고데기웨이브,1
내가들어갈까,1
고기먹는날이,1
새식구맞이,1
제품디자인회사,1
상다리부러짐,1
남다른메토링,1
결혼2주년기념일,1
육아소통해요,1
철판요리,1
눈비건조기능,1
니트손질개편함,1
garment,1
플랫폼비즈니스,1
워킹맘이중생활,1
직수,1
강추템,1
던킨도너츠,1
지옥철,1
컨셉사진,1
lg_online,1
에어드레서우드로즈,1
피로회복,1
쌈지길,1
옷장관리기,1
Repost@iam.oji@get_repost,1
감성폭발,1
드레스관리,1
식탁의자추천,1
고객님들의사랑,1
명당,1
공주옷,1
여자의마음은갈대라더니,1
넣으면끝,1
홈쇼핑중독,1
후회하지않는제품,1
북촌,1
대전LG베스트샵,1
트렌치룩,1
목폴라,1
아파트리모델링,1
24시문의환영,1
강아지옷헹거,1
조식제공,1
스타일러간증글,1
몸탱이,1
연제구,1
너란녀석,1
콧물인지눈물인지,1
써큘레이터,1
아이롱펌,1
무중력,1
기획전,1
스팀다리미보다,1
새언니,1
스타일러@direct.wedding,1
dysonairwrap,1
진주머리띠,1
밀크,1
gunpla,1
딸맘스타그램,1
아주좋아👏,1
따뜻따뜻,1
친정집,1
세간,1
매년가지고픈게많은욕심쟁이,1
과일주스,1
노하우몽땅다드릴테니@_y_seulllll,1
26개월,1
작년에,1
화장품BM,1
곰라인🐻,1
소이현,1
전동자동차,1
바쁜나날,1
스타일러풀가동중,1
신랑소원,1
스트레스해소,1
이벤트도전,1
셔니비비패션,1
헬로렌탈,1
여름의류,1
마늘빵,1
도와주세요LG트롬,1
__,1
까페,1
LG전자트롬스타일러,1
어찌됫든,1
온천,1
머쪄부러,1
간호사,1
소망,1
렌탈케어,1
암웨이세제,1
부가부비5,1
3살,1
코디패션,1
ceilingfan,1
좋은도구,1
블라인드,1
lg코드제로,1
홍성,1
신혼집촬영,1
통영,1
힐스테이트,1
뽐뿌작렬,1
거의창고,1
엘지만,1
신혼가구추천,1
엘지퓨리케어정수기,1
황금돼지띠맘,1
역사,1
구입완료,1
네이버플레이윈도,1
7년차새댁,1
에어드레서골드미너,1
여긴,1
몸만오세요,1
숙제,1
아지트샵쭈남매엄마,1
sk매직터치온,1
샘숭,1
51만원,1
사이즈s,1
인증,1
나란새끼,1
designershoes,1
대전인테리어,1
고객님들께,1
최대사은품,1
블랙틴트미러디자인,1
살림하는여자,1
하얀드레스,1
더띵팩토리,1
일회용슬리퍼,1
목살,1
밍크털,1
슈에터판매중,1
스타일러아이컬러,1
데이투,1
달성,1
미래를준비하는일,1
먹방데이트❤️,1
얘때매_호텔인듯,1
혜자방송,1
빡세다,1
데이트코스,1
지름샷,1
결혼준비추천,1
디퍼런북숍,1
나도사고싶다,1
goodnight,1
꼬꼬맘,1
프로알지,1
옷먼지,1
있음,1
미완성,1
8DMJ,1
잠만보에holic,1
무이,1
하얀집,1
설날선물추천,1
스타일러짱좋아🤗,1
안나단화,1
먹고,1
동탄네일,1
평택시,1
동창모임,1
신혼준비,1
__🎂,1
임신,1
인형살균소독중,1
센텀,1
동물,1
얼른와요??,1
코웨이비데,1
남자패션,1
대단히확실한행복,1
상조문의,1
paju,1
다이어트자극사진,1
탈색전문,1
파우치,1
오늘아님주의,1
들어가는거아니야,1
whisitem,1
노트북추천,1
진짜대박,1
지베르니파운데이션,1
카페투어,1
옷을사면뭐하나,1
배송만,1
아빠사랑해💕,1
honeybee,1
데님룩,1
백화점쇼핑,1
쇼핑중독,1
드레야가지마,1
첫스타트,1
머리보호대,1
웨딩플래너,1
욕실타일보수,1
공짜커피,1
객실안에,1
럭키금성,1
식탁의자커버,1
엘지전자케어솔루션,1
경산다이어트,1
감성샷,1
goodstyle,1
땡템,1
새냄비,1
현금부자,1
엘지정수기렌탈,1
스텐딩다리미,1
한일커플,1
성인미술,1
걱정,1
16449387,1
but,1
섬세해,1
나를위한선물,1
고객이만족할때까지,1
소녀,1
천안메가마트점,1
오픈채팅,1
인터넷쇼핑몰,1
마트,1
스타일러@jinwoojung90,1
뽀송이,1
언제하니,1
다해놓고나면뿌듯하겠지,1
천주부,1
sphinxcat,1
koreanshorthair,1
빨리와라,1
치킨스타그램,1
체험해보고싶다,1
일대일원격기본,1
폴댄스,1
여름바캉스,1
유투브,1
누구더라,1
MYOMEE,1
썸패스,1
질러버려,1
꿈꾸는로사,1
타일시공,1
시댁가자🚗,1
나만없어,1
멀티청소,1
웰스렌탈,1
lgsignature,1
웨이팅,1
친절한상담,1
미디움라이프,1
그남자의잇템,1
천둥벌거숭이,1
당진,1
연봉1억6천쭈누맘,1
듀얼건조기,1
패션치트키,1
어쨌든,1
wintercoat,1
소사벌,1
productdesign,1
바로결제,1
블랙룩,1
반포대교,1
패션인플루언서도로시,1
babydance,1
첫등장,1
애어드레서후기,1
아기있는집,1
알파룸,1
잠꼬대,1
미세,1
서둘러,1
중앙동,1
판교고기집,1
내머리속의지우개,1
짤방,1
봄봄라라🌸,1
꿀꾸리수세미,1
잘써야지,1
백,1
5세,1
유아슈트신상,1
분실,1
동대구역,1
구입,1
기획취재,1
캐나다유학생,1
사버릴까,1
qolupchallenge,1
중학교,1
bichonlove,1
지하1층맛집,1
아빠랑,1
더블할인,1
현금박치기,1
카페스타그램,1
shoes,1
교원더오름앨리슨,1
진에어,1
AC,1
얼른들어오시라요,1
살림사리,1
아리가또🙏🏻,1
화장대,1
결합,1
렌탈후기,1
간편결제,1
겔랑파운데이션,1
한샘바흐드레스룸,1
사용할때마다분노하게만든,1
반다이인수위원회,1
원퍼니처,1
좋음,1
실적,1
낙엽,1
민아꽃🌹,1
코디그램,1
이제그만사라는데,1
redlove,1
만삭촬영,1
각자한박스,1
dream_interiors,1
든든한남편,1
daughter,1
계란찜,1
수변공원,1
프리지아,1
김장훈,1
책방서울,1
올라트리패브릭스프레이,1
스타일뤼시,1
신랑느님,1
성당동,1
겨울필수아이템,1
win,1
hwasa,1
짱이네,1
드뎌기다리던,1
트롬곰인형뽑기,1
한창놀고싶은나이,1
대전맛집,1
저축은언제쯤,1
데일리샷,1
용인맘일상,1
스페셜케어,1
심리상담투히스,1
특히조카오기전엔무조건스타일러,1
아지트샵콩블리,1
신랑이더신남,1
소상공인,1
미스터힐링,1
용인맘,1
신랑선물,1
방콕,1
허쉬컷스타일,1
허니비,1
smartthings,1
merriot,1
하얀온도,1
한개처넌,1
엘사머리,1
잔여먼지냄새까지없애주는,1
펫팸,1
구리맛집,1
촬영하는날,1
중국,1
예쁜집,1
파크스위트,1
셔츠코디,1
18350,1
lg@lgbestshop_official,1
귀여운하늘이,1
현대홈타운,1
suzhou,1
이쁜거아냐,1
iot,1
사야지,1
집인테리어@samsungkorea@ggumigi,1
bluejean,1
애교,1
주부코스프레,1
영통점,1
개밥주는여자,1
먼지털어줄까,1
구매각💕,1
루나스파티,1
언니가간다,1
아지트샵은회사이름일뿐,1
쭈글쭈글,1
여성코디,1
뭐부터돌리지,1
저녁뭐먹지,1
2018한국소비자만족지수1위,1
뚝배기,1
안티에이징쿠션,1
욕심쟁이,1
1300k,1
오늘밤,1
국민체험단모집시작,1
언박싱,1
홀가먼트,1
웨이스트백,1
네이비,1
매일매일새옷처럼,1
제휴카드할인,1
무인양품,1
전포동카페,1
수고했어,1
매우나쁨,1
코스메데코르테,1
look,1
ㅜㅜ,1
보스턴테리어,1
구름바이에이치,1
끝없는선택,1
팰리세이드,1
분유포트,1
애드펌킨초코,1
ilgrandemagazzino,1
귀여웡,1
코웨이의류보관함,1
gsshop,1
물걸레청소,1
부산붙박이장,1
출산준비,1
치마,1
감사히,1
보고,1
필터,1
무릎보호대,1
내년에,1
코딱지,1
여행조아,1
♥️♥️,1
다은아빠생일,1
제품디자인,1
거실아미안해,1
소동호,1
짱좋,1
좋아요테러,1
못사,1
미세먼지대비하기,1
피톤치드,1
beagle,1
뉴스킨만하고싶어요,1
여기까지,1
처음,1
미세먼지저리가,1
냉장고정리,1
삼송빵집,1
격한감동,1
유레카,1
본오동,1
당분간도시락,1
매운갈비찜,1
리뉴메디에린,1
lg코드제로a9물걸레,1
baglove,1
가마솥,1
평생친구,1
위례스타필드,1
워너비아이템,1
프리미엄매장,1
천우정쇼호스트,1
맥시멀리즘,1
편함,1
kitchen,1
청말띠맘,1
요즘은,1
슈스스@hhy6588,1
설치해주고가심,1
스텐드형,1
쿨샤,1
2019트렌드,1
미러_셀피,1
짱짱맛,1
washingmachine,1
저녁메뉴,1
2월두홧팅,1
클렌징기계,1
repost,1
LGelectronics,1
조리원,1
엄마의이중생활,1
그렇게,1
차이의놀이,1
홈앤쇼핑,1
SS,1
아가리어터의삶,1
ring,1
맥시멀라이프,1
김큰딸왈,1
gubi,1
townhallhotel,1
아이컨시어지,1
김해숙박,1
온천장,1
욜로,1
우리집안방,1
글로벌181개특허기술이집약된,1
디자인감각,1
our,1
dinosaurs,1
각질,1
삼성삼총사,1
FEMD이교정,1
남자아기,1
티타임,1
임페리얼@jwsh_1244,1
클래식화이트,1
공간케어,1
a9청소기,1
혼수필수템,1
물욕이여사라져라,1
진짜이민이답인가,1
2019패션트렌드,1
저희집도앨지써보구싶어요,1
김해삼계동호텔,1
송중기,1
피톤치드에센스,1
주름제거,1
스팀살균,1
it크리에이터,1
롯데리아,1
신축건물,1
スタバ,1
오프화이트,1
파크스위트룸,1
김해데이트,1
아자씨야,1
펜트하우스,1
국내최초의류관리기,1
181117,1
바이킹스워프,1
간지,1
황금돼지저금통,1
결혼할때,1
드라이비,1
빠짝마른수건No,1
도미노피자,1
빵꾸낫네,1
홍보기,1
뷰티타임,1
건담,1
디자인가구,1
강한자가살아남게아니다,1
아기고양이,1
아무거나해시태그,1
드뎌장만함,1
이제공청만남은듯,1
예쁜딸,1
리앰브레드@leeamfoods,1
우리집기계들열일중,1
시흥,1
massimodutti,1
난장판,1
공간헤어,1
폭풍공감,1
fff,1
맥도날드,1
시밀러룩코디@soostyle83,1
리버틴호텔,1
스우시,1
아주미,1
우린영덕,1
권선동,1
만나보세요,1
사람잡네,1
고화력,1
코웨이도깨비,1
보람차네,1
가기위해,1
겨울에유용할듯,1
SALE,1
힙키즈@the_evamoon@gurm_by_h,1
5인승,1
김포한강롯데하이마트👍,1
끄적끄적,1
아빠의선물,1
in_out,1
원숭이띠,1
dogwaitingfordaddy,1
언제끝날지모를,1
베란다,1
오버사이즈,1
개집사일기,1
봄자켓,1
밤9시,1
자리만든다,1
정리요정,1
같이해요우리,1
딱새우김밥,1
새해첫손님,1
신시가지,1
제일작은사이즈,1
기초에서심화까지@k_150523,1
스무디볼,1
100일,1
되어있습니다,1
스벅케이크@rm_realmarket,1
새댁입성,1
가전준비끝,1
전직장,1
추천합니다,1
감성공유,1
동작구상도동,1
쿨인테리어,1
fashionlover,1
꽃보다남자,1
오여리,1
매번불만이있는게문제임,1
가,1
사은품마켓,1
드뎌장만,1
살림고자의삶,1
madewithregram,1
따뜻,1
케잌만들기,1
혼수마련,1
선택장애,1
영업인,1
베트멍,1
집이젤좋아,1
스타벅스이벤트,1
한방에,1
아보카도,1
독박,1
김해우수숙박업소,1
발뮤다토스터@balmuda_korea,1
북변하이마트,1
공주맘,1
청소비법,1
월간홈쇼핑,1
에그서울,1
산더미,1
좋은상조,1
무알러지,1
징징징😭,1
코스메틱,1
__,1
브라이더샤워,1
우성이꼬,1
깨끗하게,1
비지니스호텔인듯_모텔인듯,1
대박템,1
산뜻한아침,1
디자이너브랜드,1
지방,1
제품,1
무생체,1
별내동,1
프로젝트매니저,1
cookingram,1
기다립니다,1
현백,1
아지트샵또담맘,1
택배야얼른가렴,1
파티,1
삼계동,1
내집,1
내남편,1
혼자여행,1
여행끝,1
내돈주고산거임,1
터앙,1
호텔인테리어,1
LG코드제로A9,1
알파돔시티,1
화정점,1
금천구맛집,1
핵심방법은예나가정답,1
먹투어그램,1
재미,1
경대북문,1
송파맛집,1
효자동,1
보고있나남편,1
신나요,1
데일리백,1
얼른사세요여러분,1
빙그르르,1
스타일러@unnine29,1
패기,1
빤쮸,1
땀,1
12만원,1
웨딩프로모션,1
장비빨,1
멀티,1
그레이인테리어,1
신문물영접,1
알라뷰땡큐쏘머치,1
24시간소통멘토,1
영상스타그램,1
맥북프로,1
TV부터,1
넘죠하,1
방탄교복,1
엘지휘센에어컨,1
cuckoo,1
코웨이그램,1
편한룩,1
스카이캐슬패러디@scotchbrite_official,1
4개월1회,1
남성바람막이,1
찬스,1
대학생알바,1
개나리,1
고장나지마😭,1
비싸당,1
성후야,1
맘스타스램,1
라젠더,1
고종완,1
좋은선물,1
잘먹겠습니다,1
흑석동,1
게임쎄스코,1
인스타로돈버는직장인,1
광안리추천,1
금정점,1
기대되네,1
케익,1
막창택배,1
구경보단먹자,1
오늘은주부모드,1
디자인브리드,1
이건자기꺼하세요,1
JBL,1
대학방학,1
데일리렌즈,1
에센스스프레이,1
원투룸,1
곰돌이인형,1
열일하는,1
furcoat,1
검단,1
순대국밥,1
혜연실장,1
양말정기배송,1
이성당,1
세탁대행,1
안되겠다,1
마이셀즈퀸즈,1
가구위치,1
나진짜말많네,1
어린이,1
직딩인,1
코드제로청소기,1
티격태격,1
아름답다,1
재밌는거,1
여드름전문,1
우리집은모두LG,1
뱃속쭉쭉이와,1
돈아끼려고돈더쓴거같은,1
두아이맘,1
벤타,1
아이섀도우,1
검정,1
실내자전거,1
맛보기,1
홈메이드,1
일일찻집프로젝트,1
아지트샵줄리,1
실버전문매장,1
호캉스라써본다,1
다털어주렴,1
남들다있는거,1
우행시💕,1
싹다,1
판교현대백화점맛집,1
희망사항🙏,1
잠실아이스페이스,1
마카쥬의뢰,1
위로를,1
다이슨공기청정기겸선풍기만,1
하루하루,1
월급쟁이,1
서울타일,1
인생샷,1
스키장가자,1
여의도회사다니는남자펌,1
없어도,1
인스타시작,1
개기름,1
월간홈쇼핑이벤트,1
스파풀,1
아멘,1
내꺼야,1
롯백안산,1
만기환급,1
얼스타스램,1
공짜니까,1
경산,1
la스타일,1
WE_daily,1
GoHome,1
감사합니당,1
sivillage,1
먹방샷,1
엘지스타일러@eileenisfine,1
헤드스파전문살롱,1
궈궈,1
겨울옷보관,1
나만의시간,1
예서어머님,1
꼭필요해,1
컴퓨터,1
제습효과,1
기약없는약속,1
백종원,1
겨울필수가전,1
판교역맛집,1
샤오미컨벡터,1
옷방공기청정기장착,1
새친구,1
슬이네집,1
백일토퍼,1
심야스타그램,1
청국장,1
자동제어,1
선글라스,1
테말퀵스티머테팔액세스스팀플러스,1
풀방,1
살빼자,1
청소중,1
챠니마미,1
thankyou,1
후다닥,1
봄옷쇼핑,1
밥도시켜먹자,1
은신네,1
미세먼지제거기능@samsungkorea@ggumigi,1
신세계김해점,1
여의도,1
목소리,1
좋은냄새,1
Repost@twinmom_star,1
아침은,1
경리나라,1
쏘핑네흰집,1
에코폴리스,1
오래오래잘써보자,1
comedy,1
티컬렉티브@tea_collective,1
N4L콘텐츠,1
사용방법모름😅,1
10월30일,1
집순이모드,1
파트너점,1
양말함,1
vogue,1
wink,1
스토케트립트랩,1
러블리포니,1
서산꽃같은그대,1
foot,1
자랑템,1
이유리쿠션,1
다욧,1
옥산동요가,1
김해비즈니스호텔,1
임마,1
원컬러,1
16개월25일,1
또본,1
꽃원피스,1
humorvideo,1
__,1
코리아페스타세일,1
킥보드,1
서장훈,1
달팽이크림,1
오늘은불토,1
캠핑,1
김해숙소추천,1
육아는아이템빨,1
김해모텔,1
성대시장멋집,1
에어,1
울산맘,1
침대커버살균,1
이른둥이,1
상품준비중,1
야근,1
스키장,1
홈쇼핑방송,1
정윤이네,1
맨해튼미드나잇,1
기분상함,1
LG_스타일러_린넨화이트,1
요즘_최애템,1
더열심히살자,1
신청합니다,1
주부도해낸일,1
외동냥,1
논현동,1
cook,1
살림의신,1
사진다흔들림,1
고급의류,1
청소템,1
건조까지,1
대한민국,1
맑고깨끗한우리집프로젝트실현중,1
비상금,1
tonedbody,1
니가있어야할곳은여기야??,1
abyssinianblue,1
오천미용실,1
단점만알려주세,1
미용인,1
총4단계의류청정,1
안주스타그램,1
없는거없는,1
repost@yunee.for.love,1
141,1
의류냉장고,1
다음목표는,1
아웃도어,1
365일미세먼지걱정,1
사달라는말이야,1
하이마트복현점,1
살림탬은끝이없다,1
코트도좋아,1
조만간집에스타일러들이는걸로,1
아기섬유유연제추천,1
이전,1
기다리기힘듬,1
예비신랑신부,1
maclipstick,1
칠러,1
먹고난후,1
액정보호필름,1
eyewearstyle,1
여자연예인,1
이촌동,1
이거였네,1
아기식탁의자,1
믿고쓰는삼성제품,1
상의코디,1
보그,1
복에배불러서이러는가봄,1
쨈세트,1
컨시어지,1
말도안되는삼성마케팅,1
기계치면서,1
위생살균,1
쏘맥,1
도련님선물,1
카드행사,1
리안헤어,1
homecafe,1
N4L바이오,1
photo,1
포르나세티,1
만화,1
5벌용,1
원주혁신도시,1
육아꿀템,1
장거리,1
참치어디까지먹어봤니,1
styleblogger,1
라면,1
김해삼계동,1
디자인예쁨,1
퇴근길사진,1
슬라이드,1
카페탐방,1
광파오븐,1
섀도우,1
핑크성애자,1
양털자켓,1
handmadeshoes,1
멤버십,1
여친,1
안되도괜찮아,1
중고가구,1
서수경스타일리스트님👍,1
LG필터,1
인천논현여드름,1
모캉스,1
돈페리뇽,1
빨래방에도,1
인스타일상,1
백화점갤러리,1
쓰시는분있나요,1
애증의관계,1
__🏽,1
FashionPictorial,1
아지트샵후후맘,1
디오스,1
살림은자꾸늘고,1
간만에여유,1
결국편한옷,1
블랙포스,1
당신밖에없어요,1
브랜드디자이너,1
손목보호대,1
핑크핑크,1
용서,1
재무설계,1
lg스타일러국민체험단,1
업소용,1
썸패스_이벤트,1
__🏻,1
사준다고할때,1
신촌모텔,1
순회공연,1
간단요리,1
일회용수세미,1
뭔가아니었는데,1
최애템등극예상,1
IamabigfanofLG,1
저렴해요,1
Repost@bichon_vely@get_repost,1
오렌지드레스,1
최애쁨템,1
애슐리,1
같이구매한가전중에제일늦게도착,1
한샘모모로베이비장,1
성공적,1
healthylifestyle,1
손가락하나로다되는세상,1
금손속눈썹,1
케이크토퍼,1
잘부탁드립니다,1
리뉴메디에린언니,1
2019년도으뢋촤촤촤차차차,1
언제인거지,1
__,1
꿈이좋아,1
열심히돈을벌어봅니다,1
한달을기다렸더니생각보다안기쁜게함정,1
한샘용산점,1
아싸금요일,1
이쁘네,1
옷털고,1
촬영문의,1
셔츠캐리어,1
유림노르웨이숲,1
양말,1
나름,1
보푸라기,1
트렌드코리아2019,1
목동소고기맛집,1
세상에도없던,1
얼집선물,1
홧팅??,1
피지고민,1
빨래걱정,1
우리집옷걱정끝,1
탐난다,1
小確幸,1
뷰티유튜버,1
이마트별내점,1
골지스커트,1
다람쥐,1
사장님잘생김,1
레깅스,1
베이비cctv,1
옷이뽀송뽀송,1
효선이네,1
술한잔하실래요,1
서울매운갈비찜맛집,1
정리템,1
내려오렴,1
바로건조,1
현모양처,1
러블리,1
통큰와이프,1
요물,1
shinsegae,1
결국엔_채은맘,1
스티븐타일러,1
국내여행,1
혼맥,1
친구찬스,1
가전제품사랑해,1
배곧,1
과일쥬스,1
한혜진,1
봉명동,1
미세먼지때문에,1
봄옷준비,1
클래식안경,1
2월호텔,1
메리크리스마스,1
건조기16키로,1
시크맘,1
리락쿠마,1
키아나,1
선물용으로도좋습니다,1
사랑고백,1
20평인테리어,1
제주맛집,1
일상이야기,1
코웨이의류관리기,1
형부에게_주는_처제의_선물,1
헬요일,1
동양매직식기세척기,1
키즈유산균,1
아기옷케어,1
아줌마가되어간다,1
보푸라기주의,1
습관,1
Clothespurifier,1
족욕,1
감사합니다❤️,1
ㅋㅋㅋㅋㅋ,1
핏줄보다,1
신혼부부필수가전이래,1
삼성닷컴할인코드👉👉,1
계좌이체,1
거울샷📷,1
민가든,1
치마살,1
밀크시슬,1
박봉,1
신랑의부재,1
특별선물,1
죽부인,1
소중한,1
원주,1
선착순,1
미세몬지,1
가전은무조건엘지지👍🏻,1
좋은생각,1
정원도토리임자탕,1
올라트리홈스프레이,1
윤삼봉,1
호텔에👍🏻👍🏻,1
핑크쿠션,1
강력해,1
한벌당10만원ㅋㅋㅋㅋㅋㅋㅋㅋ,1
필터마스크,1
정기배송,1
참여완료@lgelectronics_kr,1
생후30일,1
카카오미니,1
슈가홀릭,1
카드값의노예,1
머라도,1
사고싶은게,1
결혼얘기만안하면,1
주52시간,1
잎새주,1
임부복,1
오천지구미용실,1
패밀리,1
스타일러블랙틴트미러,1
얼그타그램,1
지베르니,1
일일찻집,1
qol,1
내모습,1
package,1
변호사필수,1
꿈,1
오늘생일,1
스타일러렌탈가격,1
인스타데일리,1
돌아기장난감,1
야식,1
볼트론,1
내일은아무도깨우지마,1
오픈세일,1
2019스타일러,1
유아LA상하세트,1
볼트파이브,1
미세먼지다없아져라,1
진주이어링,1
육아는장비빨😎,1
웨딩관리,1
롱런멘토,1
천안라이프,1
형저백,1
엘지사운드바,1
mrskongmarket,1
슬라임asmr,1
해피엔딩시나리오,1
엘지트롬건조기체험단,1
삼처넌,1
침구,1
행사제품,1
미국유학,1
공식판매점,1
부영아파트,1
어차피성공,1
소지섭,1
모바일,1
오늘뭐먹지,1
옷수납,1
홈트,1
그래도내딸,1
교원웰스의만남,1
인버터건조기,1
구입천스,1
민폐녀,1
삼성서울캠퍼스,1
탈색머리,1
모델포스,1
영천코웨이,1
습한날,1
__,1
근데왜때문에,1
이미내맘속엔_대형으로하나겟@lgelectronics_kr,1
앙고라,1
목요일아침,1
테르비나lx크림,1
dpc쿠션,1
군인,1
엘지정수기,1
최저가,1
LGTRONM건조기,1
주말스타그램,1
몽클레어패딩,1
히스테릭셰프,1
개구쟁이,1
지름의날,1
뷰티크리에이터,1
피부미용,1
브랜드매니저,1
렌탈도된다드라,1
LG트롬스타일러렌탈,1
허미례,1
처음시작할땐,1
살꺼다삼,1
고어텍스,1
책상스타그램,1
친절함,1
전주에서,1
피지,1
진해댁,1
대청소,1
숏단발,1
아기세탁세제추천,1
1박2일,1
고려자기와조선백자가숨어있는울집데코월,1
샤오미라디에이터,1
petstgram,1
foodstyler,1
우리자기최고👍,1
조녜템,1
lg스타일러블랙,1
첫줄안녕,1
더블다운,1
블랙헤드고민,1
집사그램,1
두번째신혼집,1
거셀,1
잔소리끝,1
글,1
대형가전전문,1
7단계하트서비스,1
정장원피스,1
목스타그램,1
요리사,1
사놓고후회하지말고,1
만삭드레스,1
세상에_없던_의류관리기,1
시메오에어프라이어,1
춤추는아기,1
스드메공짜@direct.wedding,1
추천니트,1
할거야,1
편하게해줄게,1
광주공항,1
올해는가방대신,1
린지랩,1
한시간동안,1
명지동,1
버리기가이리어렵나,1
이제그만,1
갖고싶어,1
홈쇼핑라이프,1
건조기사고싶다,1
사길잘함,1
엘덕,1
삼성엘지로영업가자,1
패스타그램,1
7살,1
행운이,1
에어컨빼고모두삼성,1
드라이클리닝한느낌😍,1
가자,1
빼꼼,1
빵,1
돌,1
미세먼지_걱정_끄읏,1
렌탈프라자,1
프리드,1
양선희플래너,1
입고싶다,1
정원,1
어려워,1
쵝오,1
립라운지,1
청주,1
시부모님선물,1
wellbeing,1
천연밍크,1
금간타일,1
괜찮은지,1
롤빗,1
1년세탁비와바꿀까바요,1
패션스타그램@samsungkorea,1
공기질최악,1
영상그램,1
르썽시엘,1
케어,1
마감,1
다닐꺼야,1
조나단애들러,1
핸드폰중독자와함께라는것,1
두렵지않타,1
homestyle,1
기다린,1
목,1
다이슨에어랩스타일러,1
무계획,1
다정동힐스테이트,1
QLED,1
퇴근길에,1
신시동,1
예쁜아기,1
스타일러뽐뿌,1
좁아져가는,1
아주칭찬해,1
빗사러갔다,1
교원더오름진주,1
씻어입기,1
화이트데이,1
찰떡궁합,1
thursday,1
한달전사진,1
집사와고양이,1
벌룬원피스,1
전포동,1
좋겠다,1
이불도걱정없이말리고싶다,1
청소하지,1
최애피자,1
라운지커피,1
마곡동,1
진지하게고민중,1
해맞이길,1
인생고데기,1
출연진,1
한국가전110v,1
__❤️,1
신기방기👀,1
김장훈콘서트,1
ss,1
bb로고,1
외부제습,1
천안엘지렌탈,1
__,1
광주숙박,1
자꾸,1
미우새맛집,1
lgtromm국민체험단,1
담그기,1
LGTROMM전기레인지,1
쭈리스키니,1
20190130,1
정신차리자,1
선팔댓글,1
여행2틀차,1
love,1
봉인,1
세탁소를하자,1
롱블랙,1
할로윈이네,1
모피모드,1
크루즈여행,1
1041953320,1
스타일러S3RER,1
거제시,1
tieland,1
가전은lg,1
맛있게드새우,1
광주1호설치,1
군것질,1
들어갈수있어서,1
취저,1
산뜻함,1
오크밸리,1
강행군,1
아이롱펌전문,1
좋은라이프,1
경주코웨이,1
thethingfactory,1
홍삼,1
웰스정수기,1
너무만타💦,1
cj핼로렌탈특가,1
소방공무원,1
cledbel,1
웬일로,1
런칭,1
다림질은패스,1
최신,1
외제차,1
casual,1
출근완료,1
방탄마인드,1
신랑은,1
24시간맛집,1
너인기쟁이구나,1
A9청소기,1
해독주스,1
게임기,1
인친구함,1
BROWNDOTHOTEL,1
여름철의류관리법,1
이벤트룸,1
벤처비지니스호텔,1
나에게오라,1
밤에들어오면,1
편집샵,1
SMARTTHINGS,1
가전끝판왕,1
아침밥상,1
말티,1
게을러지기,1
엘지트롬전기레인지,1
운동화세탁기에서,1
진주머리끈,1
하얀색으로,1
6년째사랑받고있는멘토,1
김치톡톡,1
shot,1
다둥맘,1
운동화전용세탁기,1
올해도행복하자💕,1
감자볶음,1
주부스타그램💁🏻,1
대구인테리어,1
사랑스런아가들💕,1
lifestylephotography,1
명품빽,1
일렉트로룩스건조장비,1
맨투맨,1
카페롱블랙,1
핑크루미스파@yeonjuleee,1
엘지시그니처티비,1
천호,1
여기저기,1
무료체험단,1
soostyle83,1
잇백,1
역곡데이트,1
컨트롤러의삶,1
허진상,1
유연해,1
bichonfris?,1
당신이짱이랍니다,1
역시가전은LG,1
냉장고추천,1
제습기장착,1
메시지로도연락,1
어벤져스,1
지금,1
보풀제거,1
12900,1
매트리스렌탈케어,1
인친좋아요,1
아기춤,1
청주미용실,1
jtbc,1
lg특판센터,1
챔피언후드티,1
페파민트,1
남자들이더좋아한다는,1
청양띠딸,1
서산미용실추천,1
s,1
몬스터주식회사,1
즉흥적만남,1
familylife,1
이치카라텐,1
스타일러좋겠죠,1
movie,1
선생님,1
2단계꺼져ㅋㅋ,1
avecj,1
어머,1
방탄오빠들이,1
빡빡,1
미니워시4kg,1
양털코트,1
황금연휴,1
딱,1
명품가방,1
신세계티비쇼핑,1
김현석사장,1
가방선물,1
입주준비,1
아이스티머스타일러,1
원조스타일러,1
일단뜨겁게청소하라,1
ByeBye,1
냄새분해필터,1
햄치즈,1
커튼,1
스타일러_플러스,1
돌체,1
다음은,1
정육각삼겹살,1
잘해라,1
광안대교,1
TIWI,1
이벤트를,1
현장,1
pg,1
먼지세탁,1
장마대비템,1
돈벌려면_마케팅으로,1
젖병소독기,1
selfi,1
난생처음,1
올아디다스,1
체력고갈,1
스팀세척효과,1
목동역소고기,1
저,1
경산옥산동요가,1
수제백김치,1
하나카드,1
성환,1
소파테이블,1
LG트롬스타일러@lgelectronics_kr,1
추가할인,1
보통의하루,1
2019다시절약모드,1
늙는다,1
산타,1
일상코디,1
신혼패키지,1
티비시청중,1
여행준비,1
냥이,1
인스타친구,1
Repost@1gmood@papermakerastar@1gmood@nydance_jamsil,1
전기장판,1
집들이선물추천,1
yoga,1
인테리어업체,1
제주시,1
제주,1
개린이,1
잘어울리겠다,1
부산정수기,1
행사스케치,1
립스틱덕후,1
3개월,1
김해숙소,1
momstagram,1
체험단신청,1
낚시복,1
보디가드,1
강아지대통령,1
벌교,1
수건지옥,1
남성봄코디,1
아지트샵엄마곰,1
살롱드마마,1
씨알도안먹히는말씀,1
대처는,1
casaliving,1
디자인은역시삼성,1
비싸던데무슨돈으로구입했을까,1
제주카페,1
꿀연휴시작,1
젖소냥,1
유아하객복,1
구름,1
퀵배송,1
동거견,1
최애템😘,1
심난한1인,1
verlo,1
남문시장,1
통근,1
써본사람이아는,1
파인다이닝,1
혼수품,1
엘지노트북,1
tile,1
동진가람,1
finedining,1
광주여행,1
대화,1
airbnbkorea,1
둔포,1
여성쇼핑몰,1
가사일,1
별이는깜짝출연,1
광고아님,1
유가광고,1
문의주세요,1
광주편집샵,1
내옷을부탁해👚👖,1
자기전셀카,1
nightview,1
우리카드할인,1
디자인314,1
팔로워,1
더비싼돈주고짝퉁살래요,1
쿡탑,1
수영가쟈,1
애드펌킨꿀벌,1
재미있자나,1
탄산수제조기도사고싶다,1
코웨이hp,1
아가리어터_과연살이빠질려나,1
떡볶이,1
newarrivals,1
무상제공받고싶어라,1
동갑내기부부,1
kids,1
정주행,1
불토,1
당신이영화를즐기는동안,1
패선,1
눈에서술이뚝뚝,1
wishitem,1
모임룩,1
잘쓸게,1
열펌,1
우리집그램,1
신사역,1
다림질효과,1
육아지원,1
백색가전은엘지,1
복구전문샵,1
내일은건강검진😱,1
경민이그램💟,1
펜트리정리,1
3인용소파,1
속광,1
들이고퐈,1
비즈니스호텔조식,1
여자머리스타일추천,1
정장매일입는집,1
고마웡👍,1
능력,1
dress,1
삼전동타일,1
가장맛있는족발,1
송파구타일,1
육아빠,1
서옥,1
청바지,1
사운즈한남,1
SSG님,1
wardrobe,1
고기,1
꼼데가르송컨버스,1
봄을기다리다,1
울집이최고,1
살얼음소주,1
가전대여,1
야놀자,1
집에서혼자노는것도,1
tech,1
hairstyler,1
reddresses,1
노트북렌탈,1
상담원,1
학대,1
이마트트레이더스,1
3등,1
februaryhotel,1
서울소방,1
삼성리뷰어,1
JMT,1
상자,1
언니가,1
친정엄마찬스,1
몽클레어클로에,1
민락대방노블랜드,1
오늘20190214,1
당첨되길,1
hopegirl,1
딥클렌징,1
동영상스타그램,1
아기세탁기추천,1
둘째날밤,1
주문제작의묘미,1
리본,1
할거없이,1
역대최고,1
기저귀가방,1
웃음,1
20대쇼핑몰,1
산뜻하게,1
신세계백화점김해점,1
만화카페,1
스파크,1
후회각,1
계절가전,1
청개구리심보,1
소떡소떡👍,1
화목한,1
디어키즈스틱,1
인생템등극,1
신림,1
장난감행사,1
진정성,1
제발살빼자이젠,1
아지트샵틴트,1
롯데케슬,1
goooood,1
regram@scotchbrite_official@madewithregram,1
제이비호텔,1
멜로우디자인,1
대선맛나네,1
3drendering,1
모히칸스타일,1
위드테이블,1
smtown,1
bagsholic,1
거울셀카,1
퍼자켓코디,1
캔들조명,1
네이버,1
도토리전,1
리얼케어,1
정말,1
캐주얼양말,1
뽀송한,1
오늘도술술술,1
공기도사마실판,1
수납가구,1
가비❤,1
갬성샷,1
팔그램,1
어린이장건강,1
어머님스타일러를집에들이십시요,1
Repost@dayeun.seoa_mam,1
호두아버님,1
고맙슝,1
사랑하오,1
65인치,1
미세먼지싫어요,1
칸,1
쇼핑샷,1
마누라가,1
빨래의신세계,1
맥스케이안마의자,1
허허,1
고민,1
고부열전,1
패션인플루언서쿠굥이,1
친절한박팀장,1
가을패션,1
catstargram,1
스타일노리터,1
오겹살,1
100프로만기환급금,1
엘지트롬14키로,1
그릭요거트,1
배정현,1
독립서점,1
올바른렌탈,1
미소라인지원,1
레드락생맥주🍻,1
사람사는집,1
마카쥬취미공유,1
ck,1
블루컨셉,1
중독,1
방문상담,1
고성,1
렌탈프랜드,1
코웨이상담,1
기계욕심쟁이,1
뒷북😅,1
미국주부,1
간지폭발,1
빛나다희,1
공기청정빨래방,1
유아세트,1
서산석림동미용실,1
뽀송뽀송의류,1
옥저,1
nike,1
타임월드,1
콧물줄줄,1
오늘은애사심없음,1
흰티,1
아지트샵멘토추천,1
frequentflyer,1
골프존파크,1
까르띠에시계,1
캐나다주부,1
jokes,1
신촌힙,1
소액적금,1
국민카드,1
우리집은지금,1
조케따,1
송태섭,1
꿀주말🍯,1
스타일러렌탈사은품,1
외가살이,1
남성의류,1
데뚜,1
사고싶다구요,1
smile,1
강마루,1
신혼물품,1
타일,1
에어드라이,1
엘스타,1
드레스룸부터,1
스커트코디,1
개봉기,1
오오티디룩,1
일자핀,1
온라인마케팅,1
서브스크립션,1
정신나간세상,1
김학렬,1
dpc쿠션시즌4최신상,1
여보,1
숙박그램,1
lg프라엘,1
빨간불,1
14살,1
멤버십라운지,1
런던집,1
대학생일상,1
띵큐,1
뿌옇다,1
미러디자인으로,1
비하동미용실,1
동대문도매시장,1
가전제품의,1
균형,1
가난한자의스타일러,1
눈화장,1
신혼살림,1
ksh@blomberg_kr@soohyun_k216,1
오피스,1
catbox,1
꽐라여왕,1
파격할인,1
운동남💪,1
공룡메카드,1
다나와,1
유아레이스치마,1
20년을,1
가을나들이,1
미세먼지😷,1
패셔너블,1
우리가족,1
에어컨렌탈,1
Dyson,1
사고파,1
대한민국1등할인점,1
저리가라,1
스타일러@pdjin,1
소문난곰라인,1
여자옷집,1
드레스스타일까지,1
자기개발,1
삼성티비렌탈,1
바캉스룩코디,1
짝짝👏,1
이너,1
스윽,1
무릎냥,1
하이마트역곡점,1
포니그램,1
아지트샵정현,1
한샘가구,1
하늘이는,1
첫앱등이,1
공공기관,1
maclipsticks,1
우리집에온걸환영해,1
빵빵해요,1
사랑해요읏,1
고잔동,1
20180529,1
긍정,1
어방동,1
skybox,1
메리어트여의도,1
렌탈비용,1
일렉트로룩스세탁장비,1
거울겸용스타일러,1
노력형멘토,1
덕산아내,1
핸디형스팀다리미,1
웰스더원,1
체험해보세요💪,1
lg퓨리케어공기청정기,1
문어,1
4세,1
신학기,1
의류청정기가,1
초기이유식,1
사줘사줘사줘,1
외출전,1
주부모델,1
아기수첩,1
부업하려는자_멘토를잘선택하라,1
amazing,1
구름이,1
스왈로브스키스톤,1
신촌호텔,1
건조기가있으면편하겠지,1
고딩맘,1
명지,1
인팔,1
포메,1
우리신혼맞나,1
라이프렌탈,1
빨래널기두렵다,1
또질러보자,1
광주맘,1
아이템장착,1
밍쥬마켓,1
베이비유부산점,1
대명아임레디상조,1
피부관리하는법,1
흔녀,1
동네서점에가면,1
크런키,1
목요일그램,1
아이패드,1
디톡스,1
고객님최우선,1
모공청소,1
보기만해도,1
맛집추천,1
무서움,1
맥주서비스주심,1
양복바지,1
술장고,1
서희스타힐스,1
패셔니스타로거듭나는길,1
가전제품쇼핑,1
못동소고기,1
기모슬랙스,1
오늘답찾음,1
그만사😊,1
라이딩자켓관리,1
single,1
韓国,1
지베르니밀착파운데이션,1
평생멘토,1
용호동,1
balance,1
겨울필수템,1
빠른상담,1
감성카페,1
세련,1
lg전자베스트샵@lgbestshop_official,1
발렌티노,1
신장개업,1
강남소식,1
사춘기아들,1
엘지디오스전기레인지,1
남포동카페,1
착한헤어,1
여성,1
한채아,1
1박2일💕,1
PC,1
우람띠퇴근후에,1
부들부들,1
이유식추천,1
신상가전,1
드레스룸꾸미기,1
팔달문,1
lg트롬스타일러@lgbestshop_official,1
마그네슘세제,1
save,1
가입연령25,1
소비가소득이되는일,1
ねこ部,1
센텀맛집,1
스타일러올때까지요,1
광주송정역,1
깨끗한뇨자,1
이제좀,1
repost@scotchbrite_official@PhotoAroundApp,1
이제나도,1
LaLa❤,1
무료쇼핑,1
메이크업프리랜서,1
스타일러y주부생활,1
전신거울효과,1
내일은없다,1
행사초청_취재비지원byLG전자,1
누들오마카세,1
셀카존,1
징해,1
드레스름,1
비염안녕,1
급졸림,1
선팔은곧맞팔,1
swoosh,1
헤링본강마루,1
센서티브,1
해결,1
교원k멤버스,1
수성구,1
왁싱스타그램,1
용봉점,1
플레이스테이션,1
hungry,1
배곧댁,1
세교점,1
KT,1
airmaxtalk,1
정장드라이안맞겨두됨ㅎ,1
트랜디한,1
좋네좋아,1
코아루,1
가전욕심,1
쫌더써보고후기알려드릴께요,1
aram_video,1
겨울준비,1
twins,1
최고의선물🎁,1
라이프썸보풀제거기,1
돼지띠,1
신세계센텀시티,1
준비된,1
백수,1
딱내스타일,1
레디메이드재팬,1
오래된,1
청솔모,1
노브랜드TV,1
옷득템,1
보너스로,1
고고씽💨,1
벨벳,1
살살,1
물걸레키트,1
천년만년,1
마라탕,1
koreanstyle,1
실물깡패,1
暮らし,1
외출준비물,1
디트리쉬7698,1
신창점,1
오돌뼈,1
블루밍달리아,1
스타일러슬림,1
퇴사,1
휴가중,1
답십리파크뷰자이,1
가전제품구경,1
변화의연속,1
하루에,1
블레스롤,1
sweetas,1
가죽스커트코디,1
눈바디,1
소음,1
그대이름은장미,1
신청은,1
Repost@scotchbrite_official@save.repost,1
기회,1
차돌삼합,1
아베끄제이,1
의정부,1
제일싼곳,1
같은옷을,1
요긴하게씀,1
valentine,1
로또,1
에어드레서클래식화이트,1
마카쥬,1
통통,1
동암삼거리,1
돈값하길,1
컬러그램,1
hola0510,1
5벌식,1
에어컨2in1,1
자연그램,1
분당맛집,1
살림남,1
예쁜며느리,1
수영하고,1
즐거운,1
임부복원피스,1
안성안경원,1
모든,1
세탁실인테리어,1
육아아빠,1
덜미살,1
1일도우미,1
정전기방지,1
하율이네,1
사이좋은오누이,1
present,1
프랑프랑,1
어머이건해야해,1
위위아뜰리에,1
마카쥬도안,1
happy,1
바이👋,1
집탈출,1
아실리,1
불효녀,1
aftermeetingselfie,1
롱부츠,1
2주걸림,1
1일1산책,1
을지로,1
lg특별전,1
partyweardress,1
급속모드,1
통장은텅장이되고,1
오는날,1
세교동,1
아님언팔,1
부부여행,1
hotladies,1
합리적인,1
해피데이,1
나만의_00공식,1
사이좋은,1
dailyfashion,1
주먹왕랄프2,1
청바지관리기,1
외식,1
prettygirls,1
스타일러사고싶다,1
새신랑,1
하루만에,1
뉴타운,1
근처,1
재택부업,1
스타일리스트서수경@jini434,1
변하지않으면멸종한다,1
Samsung,1
홈인스타그램,1
koreatravel,1
부산맛집,1
득템자랑,1
성남맛집,1
내서읍,1
오오티디ootd,1
한번있었나,1
기회비용,1
아들둘,1
여친몬,1
동네책방,1
사랑도_렌탈이_되나요?,1
내옷을부탁해,1
삼성노트북,1
천연온천수,1
커피머신렌탈,1
엄마랑딸이랑,1
부티크호텔,1
진품을사야지,1
사달라,1
500원,1
793일,1
음식스타그램,1
리본웨딩플래너,1
죠으다,1
newyear,1
나에게주는선물,1
modeloutfit,1
삼겹살냄새_안,1
한샘마루,1
최상급관리서비스,1
다꾸,1
고수익,1
야밤,1
욱여넣은,1
셔츠룩,1
프레즐,1
점저,1
다들고마워,1
루틴,1
여행적금,1
인형스타그램,1
청정제습케어,1
사전예약실시,1
개노답,1
서산,1
의류미세먼지제거방식,1
하이마트쇼핑몰,1
정수기교체,1
소소한일일상,1
안팎청정,1
서산미용실,1
맥주한잔,1
animal,1
현관인테리어,1
그레이,1
생활비,1
퉁퉁부음,1
남편한텐비밀,1
마켓오픈,1
프로모션,1
삼성안심가전체험단,1
꿀휴식,1
아파트펜트리,1
따끈따끈한,1
건조기다음으로효자템,1
좋은공기,1
트롬곰인형게임,1
하버브릿지호텔,1
내돈주고사야제맛,1
유아청점퍼,1
왜안사요,1
안상희,1
사라사,1
즐거워,1
10만원싸게샀😅,1
잔소리메뉴판,1
AD@samsungkorea@ggumigi,1
출입금지,1
황여사님의취향에맞춰드려야징,1
letspurr,1
이영서발레공연,1
kenzo,1
당첨되랏얍얍얍,1
신오키새날메이크업,1
친정엄마최고,1
LG매니아,1
장마준비,1
바지주름좀잡아보까,1
혼수템,1
피규어로빅스,1
거품이불,1
신논현역맛집,1
puppy,1
고기스타그램,1
깨끗한물,1
여행지추천,1
기념,1
내옷,1
영국스타일,1
집치우기,1
펌프스,1
골지특전사,1
새우장,1
리그램,1
의류탈취,1
apc,1
블로그마켓마켓추천,1
입주가구,1
가온마을,1
하복대,1
슈퍼딜,1
포메라니안,1
브라운도트김해삼계점,1
여성스러워,1
girlstyle,1
나이키,1
부산은행,1
사는것도,1
가좌동,1
샀다그램,1
시너지,1
쉐어하우스,1
마구마구_흔들어주렴,1
슬슬마무리되어가는중,1
고객만족,1
마쥬,1
밥보다먼저,1
동생이랑반띵,1
우람띠를,1
이별글귀,1
생각,1
지름신강림,1
연어스테이크,1
타오바오,1
살림도장비빨,1
엘지렌탈엘지가전,1
2019년비염퇴치,1
집청소,1
받을만한거다,1
닭띠아가,1
follow4follow,1
이영애정수기,1
만취,1
dietless,1
남자친구,1
드라이어,1
오늘날씨에꿀,1
청소방법,1
1월1일부터흥청망청,1
나는할수있다,1
미라클파워마이크로캡슐앰플,1
Repost@naolli76@get_repost,1
엘지안마의자,1
기모스타킹보풀,1
아기건조기,1
패딩리프레쉬,1
냠냐무,1
호빵수세미,1
광안리구경,1
화보,1
정말갖고싶다,1
유니폼,1
용황동,1
북산고교,1
미아,1
냄새도조아라,1
거제,1
신제품은특허를피해야됨,1
경산중산동요가,1
instapic,1
깔끔쟁이옷,1
친구랑카페,1
동안커버쿠션,1
혼수가구,1
투블럭,1
틈새장,1
미치게궁금하다,1
타일러라쉬,1
풍성함,1
led조명,1
씨네디너,1
큰거사세요,1
100세가전,1
묘미,1
더댄스카페,1
펌잘하는미용실,1
neilbarrett,1
원장님,1
꼬망스세탁기,1
새해복,1
비디오,1
워킹맘에만든화장품,1
스팟,1
전자제품할인,1
프리미엄셀프빨래방,1
마카쥬배우기,1
네팅클래스,1
데일리스타그램,1
LipsToEnvy,1
캔들워머,1
편하고좋아요,1
쪼꼬미,1
guccibag,1
밖,1
이야기,1
별,1
드레스룸@samsungkorea@ggumigi,1
americanshorthair,1
차라리밥을할걸그랬어,1
대치동,1
타투연습,1
드뎌,1
먹고마시고,1
요가스타그램,1
왓업,1
구관이명관,1
남성점퍼,1
꾸준히한자리에있어요,1
고생했어,1
일석이조의효과,1
오늘은남편생일,1
미세먼지방지,1
호텔수건느낌Yes,1
스타일러쓰고싶다,1
동대전본점,1
생일토퍼,1
캔버스마카쥬,1
고퀄리티,1
쉬다가,1
남친이랑,1
우리집에_새로들어온_아이,1
휴롬,1
미국캐나다한인,1
흑석동뉴타운,1
소형의류관리기부문1위,1
고급의류관리,1
혼수그릇,1
메리케이,1
lgtromstyler,1
맛집탐방,1
캐릭터,1
세뱃돈봉투,1
손글씨,1
최고가될사람,1
나랑놀자,1
gundam,1
정직하게상담해드릴게요,1
여성패션,1
모공공민,1
Doitnow,1
러시안블루,1
홈카페,1
smart,1
S3BF,1
드디어,1
힐링타임,1
비규격,1
밸런타인데이,1
디지털프라자,1
가방마켓,1
초콜릿,1
울트라HD,1
뿌리볼륨펌,1
부산살이,1
체험단응모,1
내마음이야,1
단풍,1
웃긴사진,1
코숏,1
겨울옷정리,1
뿌리고옷당기면끝,1
내일출근실화냐,1
공기청정기필수,1
1027588055,1
701호,1
액세서리,1
조아요,1
종가베팅,1
들리삼ㅋㅋ,1
탈취제추천,1
내조의왕,1
pupple,1
instacat,1
cute,1
좋겟지,1
신혼부부@kkkllllkkkkkkkllll,1
마무리는알밤이영상,1
S5mb,1
담배냄새안녕,1
돌리고돌리고,1
노력하는멘토,1
난,1
괌태교여행,1
스타일러by주부생활,1
마쥬원피스,1
인사동,1
집안에세탁소,1
기장맛집,1
헤어메이컵,1
유아레깅스,1
이벤트@lgbestshop_official,1
아직아님,1
ballet,1
이쁜아들,1
최신모델,1
명품신발,1
밥안먹어도배불러@hershe_eunjuuuuuu,1
많이사랑해주세요,1
연락주세요,1
신제품교육,1
스타,1
어머님선물,1
서울나들이,1
마리의정원,1
협재맛집,1
집중,1
건축,1
성장일기,1
파우더룸,1
렌탈하우스,1
엘지총판,1
세일스타그램,1
영화식당편대장,1
잘하자,1
허텔,1
자율주행자동차,1
코드제로물걸레,1
옷관리하는법,1
N4L로봇,1
괜히숨막혀,1
해피엔딩,1
벼르고벼르다,1
커피사랑,1
영통,1
10만구독,1
공주원피스,1
사줘,1
끝이다,1
스탠모어@archys11,1
원래는드럼세탁기와안마기계였는데,1
드디어장만하심,1
옷방인테리어,1
순천이동,1
잘생김,1
부,1
goodlife,1
주부일과,1
안성맞춤,1
유행네일,1
nikeambush,1
기다리기??,1
김치냉장고에한가득,1
미세먼지마스크,1
6개월주기방문,1
테팔테팔다리미,1
LG전자베스트샵@lgbestshop_official,1
앞머리핀,1
가족여행💖,1
개냥스타그램,1
fridayafternoon,1
목동맛집추천,1
은테안경,1
커뮤니케이션디자이너,1
리프레쉬코스,1
소비계의큰손,1
등원룩,1
명동숨은맛집,1
벌써7년째,1
행운의,1
사랑해요_LG,1
주말이라구,1
돼지해,1
리얼,1
겟올라잇,1
숙소추천,1
주문가구,1
스타일러베스트브랜드2019,1
프레젠또,1
에어클리닝,1
꼴두바우아산점,1
미세먼지_싫다요,1
합성동,1
정리하느라,1
beautycat,1
중증비염,1
1분,1
홍성착한헤어,1
유아내복,1
책꽂이,1
매장,1
등등,1
건식사우나,1
인스타사이즈,1
여행용다리미,1
딸램,1
독산동맛집,1
강아지스타그램,1
이런그대를,1
아지트샵똘똘맘,1
외출준비,1
블랙인테리어,1
곰순이,1
허별남,1
나쇼추천,1
룸미러@eunsense@hyungjina,1
망포역,1
유용한정보,1
육아스타그램일상,1
공기로튀겨요,1
패완얼,1
라이프스타일러,1
아빠찬스,1
라뜰리에김가,1
선프라자,1
따로없네,1
인스타초보그램,1
모두의로망,1
건조기사세요,1
시켜주세요,1
엘지베스트샵영통점,1
광안리맛집,1
제주항공,1
직장인룩,1
fashionista,1
반다나,1
산후조리원,1
jacket,1
죽은척,1
followme,1
nodiet,1
아지트샵늘봄,1
qr,1
몸뚱아리보다,1
이미지,1
무광화이트슬라이딩붙박이장,1
슬이네옷무덤방,1
크크큭,1
나한테잘해라,1
윌한잔,1
16kg,1
엘리홈스타일,1
줌스타그램,1
운동하는남자,1
즐거운주말,1
건조기9kg,1
열받는데,1
내정신은정상임,1
예서,1
블랙에디션미러,1
밍크퍼,1
살기좋은경기도,1
내사랑화이트,1
mosterinc,1
뿌듯해,1
임신36주,1
송파헬리오시티붙박이장,1
가성비좋은호텔,1
babygirldancing,1
주름아펴져라,1
트롬_스타일러를,1
신상템,1
집그램,1
스냅사진,1
레드퍼니쳐,1
고급스러운,1
플레이윈도,1
모두관리가되는제품,1
커머스,1
물욕대마왕들,1
신랑을위한선물,1
체험해보세요@lgelectronics_kr,1
헤어제품,1
내가,1
살려주세요,1
__,1
저요??,1
수원가전제품,1
만렙,1
지금당장,1
여보랑,1
디디에두보,1
스튜,1
김포맘,1
디오트,1
아빠만보면,1
캐시미어,1
기프티콘,1
탄이사랑,1
혼영,1
그래도_신세계,1
할부인생,1
진짜심하게좋은재료,1
closet,1
나폴레옹제과,1
주식해피엔딩시나리오,1
사먹는공기,1
임시보호,1
Repost@belif.official@get_repost,1
연락,1
연년생,1
건조기원츄,1
스타일팁,1
미세먼지야싸우자,1
에어스팀,1
에어드레서우드브라운,1
머리핀,1
트루아일랜드,1
베스트드레서x에어드레서,1
웰스홈마스터,1
야무찌게,1
14kg,1
옷도관리하기,1
디오스4도어냉장고,1
바보같은느낌,1
순천미용실,1
처갓집양념치킨,1
놀자,1
전문직,1
일식가정식,1
빨리와❤,1
건조기이후최고,1
간다간다,1
나는계측기세일즈로전국영업18년,1
Feb,1
열정,1
전국상담가능,1
스팀클리닝,1
교복관리,1
빈병임,1
놀자그램,1
프리워시,1
패딩건조,1
GBH,1
cinema,1
도매,1
행복하자❤,1
런던여행,1
직업,1
징하다,1
ㅎㅎ,1
같이놀고,1
딸그램,1
리뉴메디미소라인,1
생일케익,1
홍박사가전,1
londontrip,1
猫,1
47인치,1
__,1
모션베드렌탈,1
녹차아이스크림🍃,1
맑은,1
털관리,1
철갑상어알,1
모닝,1
스타일러속강아지옷,1
만들기,1
모듈가구,1
김서형,1
인스타그램마스터중,1
간편한,1
아지트샵@gimgoeun9849,1
여대생,1
아지트샵부업,1
포스있는,1
홈트족,1
카자흐스탄,1
서수경쇼,1
커피마시면서많은생각을하게되는토욜,1
세련된블랙틴트미러스타일러,1
살랑살랑,1
옷장탈취제,1
라이프스타일리스트,1
매운맛3단계,1
습기제거제,1
딸키우는재미,1
두개,1
오이스터바,1
과감한스타일,1
SUV,1
신년선물,1
놀란표정,1
luxury,1
라이프스타일을렌탈하다,1
인테리어디자이너,1
복구펌,1
에어로스미쓰,1
음식물바이오처리기,1
한국,1
아침댓바람,1
다섯번갖다먹음,1
lg트롬미니워시,1
충주,1
직원모집,1
목포점,1
후드티,1
7살공주맘,1
한혜인,1
catsoftheday,1
쫄았자나,1
짱좋아💕,1
lg가전제품,1
동동X만두,1
살림은장비빨이니까,1
boxcat,1
바지,1
자급제폰,1
DT815,1
구매하세요,1
옥계,1
드디어왔다,1
남편정장,1
명품가구,1
체험해볼께요,1
lottehimart,1
호텔스타그램,1
숙소스타그램,1
멘붕,1
숲의향기,1
흐흐흐,1
가사템,1
유혜인,1
가을룩,1
대박좋은기능,1
엄마사랑해요,1
등관리,1
사진스타그램,1
교원웰스홈케어전문가,1
아가베,1
소형스타일러,1
악몽,1
홍역,1
플레이윈도무료체험단,1
잔치,1
쉬어야해,1
돈다발,1
7세,1
코트나,1
이달의네일,1
의왕,1
하루동안,1
잘쓸게요,1
사랑해요회장님,1
이영애,1
가전리스트,1
광주비지니스호텔,1
길거리,1
안나와안나와😭😭,1
세상에없던가전,1
gooddaybookshop,1
목각인형,1
하트,1
주말육아,1
정장스타그램,1
블랙코디,1
유성호텔,1
여천,1
2주기다림,1
대표님찬스,1
안경,1
눈썹,1
전자제품선물,1
평화로운주말,1
지르고보는거라며,1
이주부,1
시너지디톡스코치,1
미라지퍼니쳐,1
cafe,1
우리집새식구,1
단한분,1
탁한공기,1
물필수,1
LG올레드TV,1
셀프생일선물,1
린넨원피스,1
토크쇼,1
오씨줌마,1
대한전선,1
이영서발레,1
전선들어가,1
솔직후기,1
골드미러에어드레서,1
디트리쉬인덕션,1
이어폰줄감개,1
고급의류코스,1
lfl,1
자연,1
보물1호,1
신사동데이트,1
대패삼겹,1
이불털고,1
집순이그램,1
줌마,1
월급날,1
사랑스런휘블리,1
봉고데기,1
여보우리집에스타일러한대놓아야겠어요,1
스타일러주부생활클래스,1
새벽6시,1
잘쓸께요,1
스타일러5벌,1
officelook,1
현실적으로정직하게,1
신사동맛집,1
타조인줄,1
이나라에서살궁리중,1
딸맘그램,1
토요일오전에,1
보단작고,1
부자언니,1
성장마인드셋,1
나에게,1
스타일러캐슬,1
인스타육아,1
온스타,1
서래마을피부관리,1
송파맘,1
유해가스,1
에어스타일러에,1
신축성,1
주말선물,1
차화연앰플,1
사고방식,1
제가체험해보겠습니다,1
산내마을,1
쇼메,1
수트관리,1
영훈디자인,1
궁금하면500원인데,1
스트일쉐어,1
하이드로파이,1
beautyitems,1
죠아🎶,1
인기상품,1
Airdresser,1
제품설명중,1
lg김치냉장고,1
머리아파,1
지구에_없던_일렉트로마트,1
아동복신상,1
신도세기,1
미소크림소스파스타,1
스케치업,1
젖병건조대,1
swatch,1
생활이사업이되는,1
평촌스킨케어,1
23개월아기,1
광고모델,1
잘알아보고구매하시길,1
신규발급,1
스타일러리뷰,1
남편사랑,1
yogini,1
제주교원더오름,1
논현맛집,1
__💸💸,1
올라트리,1
홈캠,1
미니세탁기,1
코웨이헬스플레너,1
하이드리브전기레인지,1
면소재는,1
째다,1
미러장착,1
청정호텔,1
이제오빠퇴근하면,1
코감기,1
Lawadesign,1
베란다황사천국에서빨래너는것도그만하고싶다,1
홈스타,1
외동아들,1
두통약,1
패션스타일리스트,1
entrance,1
JNU,1
내가들어가서주름좀펴야겠다,1
hairband,1
design,1
남편이더갖고싶어한,1
고민중,1
근육운동,1
냉장고인가,1
대보름,1
행복한우리집,1
트레이더스,1
티비냉장고세탁기건조기,1
돈을써야할명분은만들면되요,1
감성글,1
우,1
설리,1
5시30분,1
박남매교복관리,1
WHOTEL,1
똥손,1
수성구네일,1
샴공애정템,1
홈퍼니싱,1
smarthome,1
전국어디든상담가능,1
르썽씨엘브러쉬,1
예약제,1
모피가죽관리,1
letherjacket,1
코티야드메리어트,1
곰돌이,1
재택알바,1
패션인스타,1
여름에도_씻어_입자,1
고급골프채,1
베이지색,1
Repost@bonita_lingling@get_repost,1
욕실타일,1
타투,1
p2p금융,1
구리,1
선물해준듯한,1
심플,1
그냥행복하다,1
브런치,1
스모그,1
세탁기돌리고,1
액속,1
머리잘하는곳,1
안가게됨,1
중장기,1
주름이쫙,1
신랑옷,1
경력단절,1
귀걸이그램,1
굳초이스,1
들뜬타일,1
좋아야,1
백일케이크,1
열차이벤트,1
리바트키친,1
커피야,1
선팔맞팔환영,1
직업병,1
고급마늘빵,1
complete,1
웨이스코팅,1
12월제주,1
막되먹은영애씨,1
유아자동차,1
조리원동기,1
겔랑최고,1
세르보호텔,1
maju,1
자신없는,1
글스타그램,1
끌레드벨,1
no7,1
마진창,1
회장님,1
선반인테리어,1
like4like,1
여자머리잘하는곳,1
스튜디오촬영,1
스타킹보풀,1
내손목은소중하니까요,1
면100,1
옷스타,1
목동역맛집,1
광안리해변,1
신혼살림살이,1
어학연수적금,1
이사완료,1
감튀,1
눈간질간질,1
재세공과금,1
잠실인테리어,1
스커트,1
스타일러추천해주세요,1
청룡동,1
함께,1
제발당첨되라,1
오랜만,1
협찬디엠,1
다림질지옥,1
역시최고이십니다👍,1
교대이층집,1
플리스자켓,1
프리징레인,1
다리미스프레이,1
저는현백에서구입했어요,1
신촌HIP,1
Repost@uniquefit.edge@get_repost,1
세종네일,1
usmhaller,1
어쩌다보니,1
친절한,1
pizza,1
토탈인테리어,1
dysonAirwrapstyler,1
엘지는사랑입니다❤️,1
스타일러블랙에디션,1
일산댁,1
이것들은꼭산다,1
산호동,1
대확행,1
구매욕구,1
현명한선택유비,1
무선다리미,1
통장,1
대박상품,1
여기어때동대구1호점,1
드라마,1
부산광안리,1
수수료무료,1
뽐뿌,1
내사랑,1
터져,1
furniture,1
커밍순,1
신축,1
하나씩하나씩,1
참좋은세상,1
밍크자켓,1
엘쥐스타일러,1
오늘도매우나쁨,1
떡볶이를못먹은사연,1
12월,1
엘지통돌이,1
선팔환영,1
부터,1
재능기부,1
매우만족,1
푸드스타일링,1
명동역맛집추천,1
SmartThings,1
구비,1
리뉴메디슈슈,1
travel,1
아침부터배송오기만기둥기둥,1
예랑이,1
동시동작,1
지긋지긋하다,1
밀린빨래,1
올봄,1
맛도있더라,1
믿음,1
스트릿츄러스,1
욕조,1
고데기,1
촌년,1
2019년가장뿌듯한일,1
무선마우스,1
이사가는데갖고싶어요,1
얼굴관리,1
김씨남매,1
사진일기,1
캐나다,1
인정,1
댄케이크버터쿠키,1
지금도사야할아파트는있다,1
물,1
자라,1
가죽자켓패션,1
잘지내자,1
앞으로,1
복수다,1
다함께차차차,1
건설,1
서브스크립션커머스,1
렌탈사업,1
아쿠아필드,1
소득공제,1
__,1
발뮤다토스터@mountain_ji_pd@clare_bang,1
옷주름,1
씬난당,1
퓨리케어가습기,1
넘치게사옴,1
양재,1
뉴욕스타일,1
향스타,1
불금불금,1
반려견그램,1
셀프웨딩,1
집에가고싶다😢,1
스타일잘하는미용실,1
예비맘이벤트,1
이순철주임,1
엘지의류관리기,1
넘좋다,1
readymadejapan,1
부산코웨이,1
キムスヒョン,1
롯데케슬에듀포레,1
요가하는여자,1
부산대,1
이마에뿔,1
스타일러@gen_chic_@needs__xx,1
청소기부터바꾸고싶🙊,1
진즉샀어야해,1
이런거,1
미세먼지안녕👋,1
강남미용실,1
S3BER,1
봄원피스,1
칵테일앰플,1
복을집안으로들이셔야합니다,1
미하이삭스,1
떡메,1
공주공주,1
아기옷마켓,1
서옥정,1
연휴끝,1
kangnamstyle,1
미세먼지털기샷,1
신혼부부강추,1
커피머신기,1
욕실청소노하우공개,1
걷고,1
수원역,1
아몰랑,1
중고딩맘,1
양평,1
패션모델,1
정수기혜택,1
느낌대로,1
막내는새로오신쌤이예쁘다고ㅋㅋ,1
아기가제손수,1
__👍👍,1
하지만너무비싸요,1
탈출,1
쌍둥이네,1
9kg,1
산전관리,1
유선다리미,1
1등당첨,1
삼성기사님,1
남편셔츠,1
치후360,1
땡큐베리머치,1
마인드셋,1
사용중,1
옷좋아하는남자,1
남자가사고픈것도많아,1
취미공유,1
띠어리,1
1_part2,1
readymadejapanmarquage,1
바꾸고싶다,1
장난치고,1
에어워셔,1
근데,1
Amway,1
창원에스테틱,1
v8,1
행사초청_취재비원by,1
코간질간질,1
이젠,1
발달정보,1
이산가족,1
핑크립밤,1
등등등,1
CES혁신상,1
instasize,1
잠만보후드담요,1
아기봄옷,1
하루일찍받아온,1
도련님고마워요,1
크렉시스,1
여보찬스,1
반신샷,1
내가고른가전제품,1
Life,1
송탄,1
75인치TV,1
소비,1
프라엘만남았다ㅋㅋㅋㅋㅋ,1
야놀자호텔,1
쓰임그릇,1
열번째방문만에첨먹어봄,1
호피걸,1
피어싱,1
스타일러_says,1
밥먹으러,1
고객감사,1
아이쇼핑,1
리빙제품,1
원피스,1
설치,1
코웨이매트리스,1
내부살균,1
너,1
원복,1
크기,1
재료끝나면문닫음,1
암웨이홈,1
Repost@va1270va@get_repost,1
눈오느날,1
행거,1
패션그램👗,1
자신감,1
제주에서부자되기,1
밥먹어야지,1
위위꿀팁,1
살림왕,1
솨려한귀걸이,1
앞으로더더더,1
웨인스가구,1
instamood,1
스타일러쇼룸,1
美容院,1
패밀리침대,1
친환경인테리어,1
우리아들,1
애견간식,1
현웃,1
렌탈문의부탁드려요,1
sns,1
의류관리기@samsungkorea@ggumigi,1
유아후드자켓,1
만사형통,1
킨스웨건,1
우산,1
다은아빠,1
대전유성,1
사주신다고할때,1
호두,1
인천청라국제도시점,1
라방,1
나폴레옹,1
친구네집,1
꽉꽉,1
패션촬영,1
개사람,1
갤러리,1
신도림,1
벤틀리비즈니스호텔,1
상도동맛집,1
옷방에빌트인,1
보람동네일,1
향균효과,1
퀄리티짱,1
PET,1
지친일상,1
너무너무좋음,1
세탁기건조기세트,1
나만의가방만들기,1
지저분지저분😑,1
유학생활,1
만세,1
계정,1
아빠힘내세요,1
instagood@isteamer,1
나만의향기탈취제,1
졸맛탱😋,1
1월호,1
있었으면,1
예비신랑,1
드디어샀다,1
건조공간,1
30대쇼핑몰,1
좋다좋아,1
제주라이프,1
아기목욕가운,1
인천맛집,1
강남인테리어,1
예쁘다,1
경산맘,1
역시lg,1
소중한내옷들,1
2등,1
버터쉬림프구이,1
백색가전은LG,1
눈웃음,1
원,1
경리소프트웨어,1
삶의질수직상승,1
뉴오리진,1
고가가전,1
좋더라구요,1
cgv콤보,1
렌탈프렌드,1
시츄,1
즐겁게,1
삼성패밀리허브,1
marquage,1
폭스퍼,1
끝자락날짜에,1
세탁비절감,1
dm,1
유기사그램,1
다털어,1
내베프는,1
LG트롬체험단,1
토론토맘,1
먹을까말까,1
인스타독,1
이상한데들어가지마,1
곧들여올것같습니다,1
대박인데,1
고품격,1
굿데이,1
한강신도시,1
너무웃기다,1
아이스크림,1
분당맘,1
리뉴메디앰플,1
동동보,1
서른하나,1
발려견,1
짱잼,1
오피스텔,1
마음가짐,1
오픈선물,1
공주드레스,1
사내부부,1
진해타투,1
트레블키트,1
냉동삼겹살,1
철제가구,1
위시템,1
reflective,1
concierge,1
삼성닷컴이벤트,1
제2롯데월드,1
가족사진,1
집은좁고,1
벽타일,1
스터일러,1
이따가스카이캐슬봐야지,1
교원더오름지뇨,1
인스타뷰티,1
일본,1
꽉낌,1
맞은편,1
외벌이의길,1
tiles,1
이불털이개,1
맞이하게됬네,1
넌갑이야,1
이사준비중,1
볼륨,1
사장님@salon_de_mama,1
스킨오케이,1
맘에들어,1
프라이데이,1
목란,1
바이소율@iabc1021,1
미쳐따,1
스카이박스,1
패션센스,1
lg스타일러추천,1
두꺼운패딩건조,1
이판사판,1
꺄올😆,1
하우스,1
스핑크스고양이,1
따뜻한겨울,1
동영상,1
사랑꾼,1
수영장,1
젊줌맘,1
처음경험,1
스타일러울가족옷을부탁해,1
더그레이스켈리강남,1
고객관리,1
남펴니초이스굿,1
알러지케어,1
설선물,1
신한렌탈애카드,1
너라고,1
SNS마케터,1
vip,1
팔,1
진짜를배워야진짜,1
내사랑💕,1
고소영앰플,1
쿠첸밥솥,1
좋지만게을러짐,1
꿀휴일,1
원숭이띠딸,1
좋반테러,1
금간타일보수,1
하이디모자,1
콕찍어되는교육,1
치즈밥,1
stylereyecolor,1
조리원천국,1
그냥어이없음,1
패션쇼,1
homepolish,1
인맥동원,1
택배요,1
내가모르는비자금,1
어매니티,1
털어버려,1
미러거울,1
라운지바,1
지쿱,1
힘내야지💪,1
올킬,1
경주센트럴푸르지오,1
여름철필수품,1
인테리어@samsungkorea@ggumigi,1
첫줄????,1
고민각,1
7만원,1
끝도없는,1
우선순위,1
삼성전자에어드레서,1
직딩,1
세종맘,1
칼배송,1
2대는있어야긋지ㅋㅇㅋ,1
랑방컬렉션,1
옥션,1
현재고구마,1
언제나사랑,1
내뱃속으로,1
여닫이,1
gucci,1
기다리고있어요??,1
여행가냥,1
인기게임추천,1
타이포그래피,1
관리받으면서쓰세요,1
도토리임자탕,1
예중,1
힘내라박팀장,1
내가델꼬사니깐❤️,1
주간행사,1
뱀띠아기,1
결혼14년차,1
집안정리,1
르꼬르망,1
정리의신,1
나무인형,1
애완동물,1
첫월급,1
메타볼릭,1
교복일세,1
캐주얼정장,1
야식스타그램,1
가전레뷰,1
백갤,1
임산부하루,1
서큘레이터,1
GS홈쇼핑,1
곰라인,1
편의점,1
바바리코트,1
미러타입,1
뒷덜미살,1
겨울빨래,1
퇴계원,1
오늘도수고했어,1
옷정리정돈,1
춘천맘,1
팍팍한세상,1
Zzz,1
참자,1
스타일러탈취,1
혼수1순위,1
다림질제일싫어,1
앤디앤뎁,1
stylishladies💋,1
여드름,1
airmax,1
초미세,1
아지트샵홍찌,1
electricdryer,1
비지니스호텔,1
나만의요리사👨‍🍳,1
바나나핀,1
고마워해라,1
복구전문,1
귀신보는강아지,1
천일홍,1
5년동안,1
모든건집에서해결,1
만기적금형,1
서울맛집,1
고마워요💕,1
잘지내보자,1
온천장왁싱,1
해방,1
육아용품,1
어딜까,1
전국구,1
보드게임,1
코카,1
유아바바리,1
다버리기,1
오올👏🏻,1
렌탈제휴카드,1
신제품뭐가나올지,1
초코칩쿠키,1
입주가전,1
유머사진,1
palace,1
셀럽패션,1
하마요,1
직장인취미생활,1
lunch,1
의류보관함,1
책,1
레니,1
이것도사주세요,1
원숭이띠아기,1
일하시는,1
스타일러만있음딱@lgelectronics_kr,1
Repost@o2o2_101714@get_repost,1
엘지트롬의류건조기,1
장마,1
산건데,1
내돈주고,1
수요일아침,1
lf,1
최악😡,1
휴게소음식,1
세이블,1
응모해봅니다@lgelectronics_kr,1
나는이제꿀잠자러,1
다드루와,1
썬크루지,1
신길동맛집,1
허여사,1
복구클리닉,1
구몬,1
셀럽,1
星巴克,1
리뉴얼,1
선물풍년,1
당첨되길바라며,1
돌체앤가바나,1
정직한멘토,1
이불살균털기,1
헬조선,1
미세먼지가버려,1
약사님,1
케이프코트,1
아름다움을,1
연차,1
아이파크몰한샘,1
서울거리,1
아기천사,1
단아함,1
낼,1
가을옷,1
LG전자가전,1
le917,1
서울밤,1
배송완료,1
bangolufsen,1
매니저,1
좋은데이,1
받다니,1
리뉴메디지원,1
humanlife,1
그나저나,1
다문화,1
동구,1
노닥노닥,1
이삐식당m,1
LG스타일러로_매일_씻어_입자,1
패피따라잡기,1
새해복많이받자,1
쫒겨나,1
요가,1
쌩얼,1
강남아이파크타워,1
입생로랑립스틱,1
호랑이타투,1
프로메딕살롱GIGI전문점,1
기름,1
와라,1
효녀인척,1
결혼기념일,1
북스타그램,1
face,1
명절엔휴식,1
electronics,1
100원,1
쌍둥이육아,1
인생템👍,1
살림백서,1
집빨래,1
미라지가구,1
day,1
개꿀,1
서수경스팀다리미,1
우울해,1
울집,1
선물@seungho.rm@ksh9991@jaebum.l,1
믿고맡기는교원웰스관리서비스,1
Daily,1
아이스티머후기,1
결합상품,1
건조기랑스타일러만없네요,1
순천,1
에센스,1
인스타마켓,1
꽁꽁,1
비닐옷,1
워시엔조이셀프빨래방인천청라2동점,1
제품문의,1
다리미판,1
N4L에너지,1
다낭,1
푸드알리미,1
폴,1
리본핀,1
강아지겨울옷,1
가방신상,1
양화대교,1
☎055275288,1
피부,1
홈cctv,1
어이가없다,1
오염,1
기다려,1
화사,1
코아프다,1
엔젤,1
체크,1
에헤라디야,1
다이렉트웨딩,1
아주좋아,1
리뉴얼오픈행사,1
놀이방,1
최신TV,1
내가원하는것,1
크리스마스,1
신세계라네,1
취해도,1
희진,1
남방,1
된장찌개,1
나도닮아가는중,1
코티야드,1
감사해요,1
청주머리잘하는곳,1
육아빠그램,1
사랑한다❤️,1
혈육이최고지,1
스타일리시,1
신세계김해맛집,1
살균중,1
곰신,1
촬영,1
집안살림장만,1
부품,1
방탈출,1
옷사랑,1
머리스타일,1
진짜명품살래요,1
lg코드제로a9,1
최고올인원,1
한샘중문,1
워시엔조이셀프빨래방,1
스타일러@insta1985_,1
먹빵,1
한샘바스,1
잘샀다생각하는_우리집_가전들,1
동그란안경,1
설겆이요정,1
센트럴푸르지오,1
중형견,1
패브릭퍼퓸,1
방학끝,1
방울이_아부지_감사합니다,1
셀,1
fashionblogger,1
코바늘수세미,1
smart_thinq,1
미술치료사,1
b612,1
이제부터,1
식탁,1
준공,1
1024411605,1
송정1913,1
요즘날씨에찰떡,1
휴대용다리미,1
구찌신상,1
가물가물,1
전시판매,1
발렌시아가티셔츠,1
피로,1
리뷰차별화,1
민락지구,1
marble,1
더그레이스켈리,1
미드힐,1
오픈세일이정답,1
고장남,1
나도샀다,1
럭키드로우,1
좋아좋아👍,1
지름,1
종합운동장,1
초커,1
사계절의류창정기,1
LG블랙에디션,1
감사그램🙇‍@homeshoppingmag,1
린넨화이트,1
선물로LG트롬국민체험단되고싶다,1
곰세마리,1
소개고객님,1
유학생그램,1
dianevonfurstenberg,1
지극정성,1
나이키에어맥스,1
처음뵙겠습니다,1
배아프다,1
샤넬브로치,1
백일아기,1
화이트사랑,1
클린에어호텔,1
와이드팬츠,1
정장입는남자,1
김두연매니저,1
삼성이벤트참여,1
ikea,1
이벤,1
한판붙자,1
닥스키즈,1
대학생활,1
옥산동,1
schoolstyle,1
보다는큼,1
북촌칼국수,1
점심메뉴,1
언덕위의회색집,1
tea,1
발망,1
바로앞,1
오케이구글,1
쓰앵님,1
배우,1
내인생,1
퇴근후취미생활,1
hotelinteriors,1
검은머리파뿌리될때까지,1
육아와살림은장비빨,1
세쌍둥이맘,1
고먐미,1
주하영부원장,1
돌아기,1
체리쉬,1
aqi,1
국가산단,1
의류관리기@lgelectronics_kr,1
온천장라질리언,1
오늘의유머,1
어려움,1
가성비최고,1
놀이,1
홈스프레이,1
애견스타그램,1
앙버터,1
만두택배,1
아내,1
너를맞기위해아침부터대청소,1
베스트샵오픈,1
먹방데이,1
강아지아우터,1
예단,1
주말기록,1
티웨이항공,1
원조의류관리기,1
__,1
린넨셔츠,1
반스운동화,1
로블코코아로마,1
모닝콜,1
lg국민체험단,1
부탁해❤,1
부업을하려는자_멘토를잘선택하라,1
텍폴맘,1
밍크코트,1
가방마카쥬,1
더블에어,1
에르메스에블린,1
중고차,1
화장실타일,1
dressstyle,1
좀편해질듯,1
오픈마인드,1
트리지움,1
피브레노,1
패션화보,1
비싼옷도더오래곱게입을수있데,1
데님소재,1
공주시,1
키아나엔터테인먼트,1
singleladiesnight,1
장비추가,1
청양고추이빠이,1
구김,1
미라클제이,1
당첨되면좋겠다🙏,1
설치완료,1
방청소,1
코코브루니,1
디오트도매,1
오늘의코디,1
꿀돼지수세미,1
중성세제,1
재빨리,1
리뉴메디_미니♥@daily_min24,1
카리스마,1
페이스퀸,1
제습기능까지,1
단체주문할인,1
맛있네,1
정장스타일,1
루이,1
신통방통,1
거셀존,1
7세맘,1
sk매직,1
감사합니다😍😍😍😍😍,1
고객님,1
스타일러브이로그@i_am_anda_@aav_chloelee,1
평촌피부관리,1
필름,1
라탄소품,1
앰플추천,1
루비통,1
멋집,1
벨트백,1
개업선물,1
디톡스테라피,1
부산그램,1
coffe,1
DF60N8700MG,1
구래동,1
사러가자,1
예쁜옷집,1
송파구타일보수,1
3종세트,1
이번주,1
남자펌,1
카펫청소,1
다행이다,1
리본머리띠,1
파워건,1
창원타투,1
근데이민가면뭐먹고살지😅,1
새해복많이,1
둘곳이없다는게함정,1
렌탈하세요,1
루이칸하우스,1
먼지안녕👋,1
유아원복,1
소파,1
집안필수템,1
드레스셔츠,1
어거지마케팅,1
우체국,1
따뜻하고상쾌한자켓,1
첫줄_꾸욱🐾,1
건강을,1
신혼선물🎁,1
썸패스가맹점,1
엄마화이팅💪,1
김포마산동한강센트럴블루힐,1
delicious,1
이시윤,1
오토리치,1
여름이불,1
예물커플링,1
부산휴가,1
소유진X한혜연,1
일반펌,1
광고행사,1
뷰티클래스💗,1
육아맞팔,1
친구와함께,1
댕댕이그램,1
인천여드름,1
ems,1
명이나물,1
금반지,1
다이슨드라이어,1
김해여행,1
삼성에어드레서후기,1
lg국민체험단모집,1
케빈의직장인life,1
earings,1
코드제로r9,1
마린룩,1
압출잘하는곳,1
예물가방,1
한달사용후기,1
마음의소리,1
JMW고데기,1
무료가전,1
시스템에어컨,1
이색까페😁,1
차홍,1
365일_건강한_우리집,1
듀얼인버터히트펌프14kg,1
Repost@jjang.eunha@get_repost,1
olive,1
층간소음,1
진심후기@soostyle83,1
내가졌다,1
아늑한공간,1
JMW픽앤컬,1
백일상,1
londonhotel,1
믿어보기,1
멘토링위의멘토링,1
스킨볼릭,1
iphone8plus,1
옷이,1
회식마무리,1
굿밤🌙,1
경성대맛집,1
청소끝,1
신동헌,1
새단장,1
건강조심,1
1차행사,1
닌자블렌더,1
텅텅,1
독스타그램,1
파워센터,1
영주,1
비글,1
세탁비절약하는노하우,1
시스타그램,1
마스크,1
수익으로이끄는길,1
미꼬사꼬,1
소년,1
청소기가,1
강아지공원,1
토요일밤,1
싱글,1
엘지티비렌탈,1
아이패드렌탈,1
이마트아산점,1
파산,1
예쁜공간,1
electromart,1
다음은다이어트다,1
백호군단,1
카드빚,1
음식사진,1
파스텔컬러,1
엉망진창,1
유머스타그램,1
신세계상품권,1
서창,1
키아나소속생,1
여보이거어때,1
좋아좋아,1
신상카페,1
장비발,1
스카치브라이트막대걸레,1
새댁맞팔,1
MyCloset,1
에이전시커넥션,1
필립스,1
김치찌게,1
엘지공기청정기,1
디자이너황희,1
쌍둥이,1
부산숙박,1
familyphotography,1
제로페이,1
1월초,1
역삼역,1
돈쓰고돈버는방송,1
슈즈스타그램,1
위위아뜰리에by서옥,1
협찬,1
보드복,1
빨래무한돌림가능⚙⏰,1
모텔,1
TEFAL,1
offwhite,1
행복하다❤,1
cutecat,1
최고의,1
딤채,1
슈퍼지,1
가전재품다새거,1
새신부,1
삶의질업그레이드,1
다림질과의전쟁,1
개원,1
메트라이프,1
우퍼,1
뻬그뻬레그,1
잘됨,1
최애템👍,1
대박쓰👍,1
아기턱받이,1
교복영수증주면할인해준다해서,1
Repost@blomberg_kr@swiftsave_app,1
lunchtime,1
본격,1
며느리화이팅,1
쿰쿰한냄새나는옷No,1
센스있는아내,1
맑은하늘이_그립구나,1
확,1
상큼달콤한,1
라탄이불털이개,1
땡큐신랑,1
Repost@togetherapps@get_repost,1
차량용공기청정기,1
답례품,1
현대해상,1
의류용테이프클리너,1
꼬르망,1
완전좋음,1
애사심,1
산후관리,1
개,1
오픈매장,1
아내대신다림질,1
네츄럴,1
vday,1
유부만두,1
물마시기,1
출근도장,1
리클라이너소파,1
royal,1
겨울템,1
남성정장,1
피곤@2074love,1
세종네일샵,1
앞으로도수고하자,1
오디,1
깨진타일,1
음식점,1
나의지젤,1
catsiblings,1
LGdisplay,1
고민보다go,1
노노,1
자리마련,1
100일선물,1
채율이네👧🏻,1
엄마마마,1
연산,1
세척,1
낮잠타임,1
프레덴셜스위트,1
byebye,1
쫌,1
되는방법으로,1
먼지와의전쟁,1
레게,1
만족함,1
꾸뛰르쿠션,1
예물시계,1
자유시간,1
월,1
부자가되는길,1
카스타그램,1
봄야상,1
아이템빨,1
호텔뷔페,1
이디야,1
아기모델,1
목동현대41타워,1
130억투자유치,1
지문짱,1
poweredGM,1
여름철옷관리법,1
이사가전,1
뭐잘못드셨는고,1
photomodel,1
남의밥이좋은_,1
맥주스타그램,1
트롬곰인형도,1
주름관리,1
스타일러자리,1
독서,1
화장실타일보수,1
hairstyle,1
3주만에,1
다정동,1
미래를준비하는자세,1
완전좋아,1
아베다,1
실화니😭,1
짤,1
catbeauty,1
쇼핑백,1
친청,1
호텔룸,1
광주맘일상,1
평생감사🙏,1
크롭티,1
퓨리케어핑크,1
MohairCoat,1
난소중하니깐,1
삼겹파티,1
스타일36,1
한국소비자만족지수1위,1
컨퍼스,1
비싸구나,1
엘지신혼가전,1
뿌리기,1
이별글,1
천연아로마탈취제,1
미세먼지많은,1
구매는,1
쇼콜라라떼,1
ㅋㅋㅋㅋ,1
이제본격정리시작,1
미러대용량,1
삼성공기청정기,1
옛날통닭,1
소통환영,1
아기옷장,1
8세,1
운동녀,1
아지트샵@bami1023,1
평창동,1
패션힙키즈,1
seoulmodel,1
광주맛집,1
빅이벤트,1
용산아이파크몰,1
저번에빵셔틀당해가지고,1
구월동,1
특수건설,1
신촌로,1
__,1
스드메최저가,1
눈속가득담긴별님,1
JJ하우스,1
lg스타일러@unnine29,1
부산카페,1
물금맛집,1
아까워서못쓸듯😂,1
이색데이트,1
쿡캔,1
구입한지한달째,1
패션코드,1
맘잡고,1
lovely,1
집들이는계속된다,1
Close,1
오픈채팅은프로필에,1
파티룸,1
후배님들사랑합니다,1
사랑해요엘지❤️,1
직딩녀,1
똬악,1
레몬,1
부족,1
맛이완전다름,1
오늘은내가내조의여왕,1
마카쥬스터디모임,1
청소기삼,1
비염없어진다는,1
판교맛집,1
83타워,1
패션일러스트,1
밀크티,1
롯데백화점본점,1
부산왁싱,1
의상디자인,1
추억만들기,1
스타일링클래스까지,1
유노마켓,1
벨루가,1
공짜쇼핑,1
프로출장러,1
넌부산,1
남자양말,1
젊줌마그램,1
북펜,1
샌드위치,1
굿즈,1
190211@wook10004,1
에르메스볼리드,1
riflepaper,1
meetings,1
둑흔둑흔,1
리뷰어모집,1
완벽비교,1
렌트카,1
안동암웨이,1
원숭이띠아가,1
몇날며칠,1
허쉬메이드,1
동생이있어좋으네,1
제휴카드,1
cinedechef,1
애정하는브랜드,1
맞춤제작,1
웰콤,1
전면미러,1
가능,1
좋은정보공유하기,1
미앤지연,1
도청암웨이,1
5방향터보샷,1
동영상그램,1
식사제공,1
템퍼,1
스타일러는,1
라이프썸,1
담에는퓨리케어,1
너무갖고싶었다,1
일시불구매,1
수고했어오늘도,1
초미세대박,1
이제맘놓고꼬기먹어야지,1
18FW,1
경기광주미용실,1
맞춤드레스,1
그림들,1
한샘드레스룸,1
활이네,1
대학생가방,1
비지니스,1
라라사랑❤,1
fassiongirl,1
텅장텅장,1
타조룩,1
역시LG,1
엘지360도공기청정기,1
새것같은중고,1
중심,1
리뉴메디바이브,1
라디언트캐슬,1
미세먼지안심체험단,1
여천점,1
홈세탁소,1
공간효율성,1
필환경,1
좋은생활주식회사,1
만능돌,1
food,1
압구정미용실,1
한남,1
브로치,1
관저동,1
시어머님짱,1
텀블건조기,1
청청패션,1
복도인테리어,1
코웨이제습공기청정기,1
며느리,1
김미정의요리담다,1
스타일러블랙,1
30주차,1
롯데하이마트송천점,1
삼성14키로건조기,1
면,1
에뛰드,1
팡팡팡,1
스텔라헤어,1
맘마,1
싸우지말아요,1
좋은남편,1
호두타르트,1
웅진의류청정기,1
이것이바로,1
하얀말,1
농땡이안친며느리니까,1
커플팔찌,1
대접밥,1
chahong,1
sophistiqueonhand,1
마이하우스그램,1
행운아와라,1
미국한국쇼핑몰,1
ACN,1
노는중,1
장마철대비,1
한정판,1
남성자켓,1
마마무화사,1
성남맘,1
스마트한,1
되면,1
하체관리,1
새차,1
산타여보🎅🏼,1
예쁨주의,1
2차행사,1
굳굳,1
junohair_official,1
집에보내줘,1
베이비냥,1
Cokodancefriday@papermakerastar@1gmood@nydance_jamsil,1
차암동,1
보물3호,1
포항육대장,1
스타일러체험단신청,1
신혼살림추천,1
스타일링@drawinghands_sookyoung@lgelectronics_kr,1
도시락,1
고기냄새안녕,1
nespresso,1
안티에이징앰플,1
에어드레서가,1
OPEN,1
생선,1
アビシニアン,1
우리집가전은다LG,1
경주렌탈,1
30대여성의류,1
결혼준비시작,1
가전제품싸게파는곳,1
불쇼🔥,1
55인치,1
규조토발매트,1
강한의지,1
스마트가전,1
엘지렌탈샵,1
핸드메이드코트,1
삼처넌의행복,1
대우클라쎄세탁기,1
수제간식,1
진열,1
스토리는스펙을이긴다,1
헬리오시티슬라이딩붙박이장,1
김해출장,1
집밖은위험해,1
통돌이세탁기,1
서산호수공원미용실,1
경동아파트,1
임신10개월,1
소비는확실한행복,1
협탁,1
N4L전기차,1
petstagram,1
블랙케비어,1
소중한호흡기,1
그많던술은어디로,1
민킹보고있니,1
효율최고,1
leatherskirt,1
대동,1
송정떡갈비,1
프러포즈,1
옷을지켜줘,1
이불득템,1
애터미,1
사은품공기청정기,1
다이슨거치대,1
__🏻,1
까르띠에,1
다림질은은제하노ㅜㅜ,1
끌레드벨앰플,1
헤어끈,1
가라,1
무풍에어컨,1
G7스퀘어,1
러브레터,1
귀걸이가,1
코골이,1
친구환영,1
부띠끄,1
의리부부,1
경기도교복지원,1
비숑스타그램,1
양산맘,1
초보전문멘토유비,1
잠안와,1
비나이다비나이다,1
식당진,1
무채색성애자,1
오늘심하게,1
롯데마트한강,1
신오키새날,1
카디건,1
에코백,1
성능최고,1
파파존스,1
좋다👍,1
주부생활스타일러,1
공주님옷,1
힙색,1
초면이었음,1
제이맘의홈쿡,1
트롬곰인형뽑기성공,1
지겨웠다,1
투게더펀딩이,1
과연좋을까,1
Beige,1
아메리칸스탠다드,1
Repost@blomberg_kr,1
레플리카,1
강의하러,1
처음먹을때,1
몽소,1
다시태어남,1
전주맘,1
있을껀다있네,1
별내카페거리,1
신년,1
에어드레서의신세계,1
Repost@scotchbrite_official@regram.app,1
Ark,1
향기시트아직안써봤어요,1
남편고마워요❤️,1
한심하다,1
자매그랭,1
like4me,1
최애,1
노크온더블매직스페이스,1
토닥토닥,1
건조기와스타일러,1
오늘도무사히,1
iloveguerlain,1
판교,1
완소템,1
조끼베스트,1
갤럭시s9,1
발뮤다공기청정기,1
스타일러완전강추,1
__,1
플리즈마클리닝,1
집념으로승부하는멘토,1
클루니bb,1
바흐드레스룸,1
초빼이,1
지르는건내전공이니까,1
크린스틱,1
어느새결혼4주년,1
에어드레서사고싶다,1
아들딸과함께,1
멘토추천,1
기사님들친절🙏,1
시급,1
라이프케어,1
airpurifier,1
대만족👍,1
issue,1
이마트여주점,1
행복함,1
사주세요🙏,1
음식물분쇄기@smartcara_official,1
실패도성공으로,1
마카쥬작업,1
__,1
스매싱존,1
베이지원피스,1
매장홍보,1
sexy,1
빨래가,1
가전은,1
애증의허정윤,1
육아는템빨,1
잡스타그램,1
셀피그램,1
피츠,1
충북혁신도시,1
매일청바지,1
dogoftheday,1
부산숙박정보,1
머릿결,1
커버,1
주부들의로망,1
비용절약,1
내가나에게주는선물,1
사진고자,1
꽃같은그대,1
Humor,1
분위기,1
내스타일,1
삼성껏도써보고싶소,1
똑똑,1
향기시트,1
실내제습,1
남달라,1
역시남자는머리가짧아야해,1
결합시5천원할인,1
앞머리,1
누리,1
맛점,1
tinycottons,1
아낙,1
렌탈가전,1
매일경제,1
하이그로시,1
아지트샵@hhhi.mom__,1
렌탈가능,1
덩그러니,1
인앤아웃,1
elegance,1
여성여성,1
아이스아메리카노,1
부산숙박추천,1
연금,1
청소시작,1
빨래걱정끝,1
클래스,1
스윙,1
like4likes,1
답답해도,1
강릉,1
사주세요그램,1
에어필립,1
제에발,1
드라이는아님,1
7년차주부,1
보풀제거기추천,1
냄새도,1
friday,1
세상탐나는거,1
노력,1
패션사진,1
나혼자산다,1
유투버,1
bluejeans👖,1
스팡글,1
전쟁,1
속옷,1
언제나,1
집안일쉽게하기,1
잘쓰세용,1
보라@lgelectronics_kr,1
유치원선생님,1
뼈를묻자,1
가습기필수,1
산뜻하다,1
190323,1
엄마사랑해❤️,1
관사라이프,1
야이바보야,1
두두찡🐶,1
받았다그램🎉🎁,1
신나는집안일💃🏻,1
건조기신세계입문,1
폴라티,1
센스맘,1
여자양말,1
lg스피커,1
경복궁,1
세종시,1
털날림,1
교육,1
서재리,1
너무좋다,1
체험하고파,1
만능주부,1
액땜,1
신림동,1
야근이시고,1
배고파,1
카라자켓,1
대학생,1
비스테까티라미수,1
살림은장비발,1
구스다운,1
크리스마스선물,1
예비신혼,1
패피룩,1
워니비가전,1
스타일러짱👍👍👍👍,1
__,1
원피스성애자,1
패션스타,1
유아청바지,1
샤오미히터,1
lg트롬건조기국민체험단,1
다들고맙다,1
운전,1
10년동안몸담은회사,1
퇴근펌,1
집들이선물로,1
재밌음,1
김해호텔추천,1
테팔퀵스티머액세스스팀플러스DT8150,1
백구,1
에디터스픽,1
동래왁싱,1
미키정,1
코지마,1
추위,1
여보돈열심히벌자,1
청라동빨래방,1
강력추천,1
노예계약,1
고2,1
LG빠인듯,1
관리받는,1
본가,1
부산브라질리언,1
성공파트너,1
오늘20190126,1
카페데일리라이프,1
partydress,1
향균시트,1
김천점,1
산토스갈베,1
레고득템,1
트롬스타이러,1
글렌피딕15,1
응모,1
Repost@hyunjeong_83@get_repost,1
안마의자렌탈,1
SUBSCRIPTION,1
가전주부,1
렌탈투어,1
강아지옷,1
winter,1
amazinggrace,1
없는게없구나,1
볼륨펌,1
진짜사야하는걸까요,1
LG제품다사네,1
롯데백화점상품권,1
거품목욕,1
직원들외투는,1
여행끝✈️,1
스타일바이황희,1
비즈니스호텔,1
훗,1
친구가알려줌,1
빅맥,1
repost@rm_realmarket@PhotoAroundApp,1
항균효과,1
극한직업명대사,1
온에어의상,1
바람,1
피맥,1
결혼스타그램,1
팔찌,1
뿐,1
깔끔한인테리어,1
대명동,1
갱년기라변덕인가,1
cold,1
아래층,1
쇼룸,1
서수경님과,1
식단관리,1
래미안베라힐즈,1
청담,1
마인드컨트롤,1
고온살균,1
시부모님복터진여자,1
여행공부,1
고준희단발,1
매니져,1
cosmetics,1
김기환,1
가전읽어주는여자,1
패션양말,1
그동안,1
건강하자,1
최고의매장,1
소비요정👼💸,1
베스트드레서,1
짬뽕전설,1
LGTORMM건조기,1
위례스타필드시티,1
수육,1
사은선물획득,1
보험의달인,1
맘카페,1
질렀다,1
응모하기,1
싱글족,1
제주도,1
롯데마트,1
퇴근각,1
서울미세먼지,1
refrigerator,1
디저트그램,1
gato,1
큰집으로이사가자,1
위닉스제로,1
소매원피스,1
가전상담,1
명절에도일한다,1
고양이스타그램,1
강남렌탈샵,1
likeforfollow,1
유나스타일뷰티,1
루이비통가방,1
튕기지말걸,1
프로컨슈머,1
옆에,1
__,1
보람동밍스네일,1
__전상품,1
겨울필수템2가지방송해요,1
사고싶은거천지,1
통돌이오븐,1
8DQA,1
고민중인가,1
며느리사랑은시어머니,1
갈바닉,1
경기광주빨래방,1
RGM,1
멋진데일리룩,1
전자레인지,1
스타일러짱,1
gs홈쇼핑,1
현대백화점무역센터점,1
다빨았다,1
의류관리는,1
190216,1
lg정수기,1
공주카페,1
배터지겠다,1
먹방그램🍴,1
이제남은건,1
중국어숙제도해야됨ㅠㅠ,1
패밀리특가,1
먼지세균걱정끝,1
니가고생이많다,1
코웨이추천,1
녹용스틱,1
올리비움,1
자이,1
스타일러쉬,1
베어브릭,1
삼성냉장고t9000,1
기지시,1
집이최고,1
고데기빠이,1
미쳤니,1
LOONA,1
리슬한복,1
__,1
셜리언니에게꼭필수👌🏻,1
옷들의_사우나,1
하블리,1
아지트샵김주영,1
삼대장,1
시집갈때내가가져간다,1
다이슨무선청소기,1
50년쓸예정,1
goldmirror,1